last_review,date_id,year,month,day,weekday
2018-10-19,1,2018.0,10.0,19.0,Friday
2019-05-21,2,2019.0,5.0,21.0,Tuesday
,3,,,,
2019-07-05,4,2019.0,7.0,5.0,Friday
2018-11-19,5,2018.0,11.0,19.0,Monday
2019-06-22,6,2019.0,6.0,22.0,Saturday
2017-10-05,7,2017.0,10.0,5.0,Thursday
2019-06-24,8,2019.0,6.0,24.0,Monday
2017-07-21,9,2017.0,7.0,21.0,Friday
2019-06-09,10,2019.0,6.0,9.0,Sunday
2019-06-23,11,2019.0,6.0,23.0,Sunday
2018-10-31,12,2018.0,10.0,31.0,Wednesday
2019-06-29,13,2019.0,6.0,29.0,Saturday
2019-06-28,14,2019.0,6.0,28.0,Friday
2019-07-01,15,2019.0,7.0,1.0,Monday
2011-12-28,16,2011.0,12.0,28.0,Wednesday
2019-01-01,17,2019.0,1.0,1.0,Tuesday
2019-07-02,18,2019.0,7.0,2.0,Tuesday
2019-06-19,19,2019.0,6.0,19.0,Wednesday
2017-08-13,20,2017.0,8.0,13.0,Sunday
2019-06-15,21,2019.0,6.0,15.0,Saturday
2019-04-19,22,2019.0,4.0,19.0,Friday
2019-06-01,23,2019.0,6.0,1.0,Saturday
2019-06-14,24,2019.0,6.0,14.0,Friday
2019-05-12,25,2019.0,5.0,12.0,Sunday
2019-06-21,26,2019.0,6.0,21.0,Friday
2019-05-27,27,2019.0,5.0,27.0,Monday
2018-09-30,28,2018.0,9.0,30.0,Sunday
2019-06-16,29,2019.0,6.0,16.0,Sunday
2019-06-13,30,2019.0,6.0,13.0,Thursday
2019-06-05,31,2019.0,6.0,5.0,Wednesday
2019-05-25,32,2019.0,5.0,25.0,Saturday
2017-01-01,33,2017.0,1.0,1.0,Sunday
2019-06-17,34,2019.0,6.0,17.0,Monday
2019-07-07,35,2019.0,7.0,7.0,Sunday
2019-05-17,36,2019.0,5.0,17.0,Friday
2019-03-25,37,2019.0,3.0,25.0,Monday
2019-05-18,38,2019.0,5.0,18.0,Saturday
2019-06-04,39,2019.0,6.0,4.0,Tuesday
2019-06-30,40,2019.0,6.0,30.0,Sunday
2018-11-03,41,2018.0,11.0,3.0,Saturday
2019-03-30,42,2019.0,3.0,30.0,Saturday
2019-01-26,43,2019.0,1.0,26.0,Saturday
2017-09-30,44,2017.0,9.0,30.0,Saturday
2019-05-16,45,2019.0,5.0,16.0,Thursday
2017-09-24,46,2017.0,9.0,24.0,Sunday
2018-05-14,47,2018.0,5.0,14.0,Monday
2019-06-18,48,2019.0,6.0,18.0,Tuesday
2019-06-26,49,2019.0,6.0,26.0,Wednesday
2019-01-02,50,2019.0,1.0,2.0,Wednesday
2019-07-06,51,2019.0,7.0,6.0,Saturday
2019-05-31,52,2019.0,5.0,31.0,Friday
2019-05-28,53,2019.0,5.0,28.0,Tuesday
2019-04-22,54,2019.0,4.0,22.0,Monday
2019-03-23,55,2019.0,3.0,23.0,Saturday
2019-04-08,56,2019.0,4.0,8.0,Monday
2016-08-04,57,2016.0,8.0,4.0,Thursday
2018-08-09,58,2018.0,8.0,9.0,Thursday
2016-02-14,59,2016.0,2.0,14.0,Sunday
2019-05-26,60,2019.0,5.0,26.0,Sunday
2019-06-27,61,2019.0,6.0,27.0,Thursday
2018-07-22,62,2018.0,7.0,22.0,Sunday
2018-10-09,63,2018.0,10.0,9.0,Tuesday
2019-05-01,64,2019.0,5.0,1.0,Wednesday
2018-10-28,65,2018.0,10.0,28.0,Sunday
2019-01-03,66,2019.0,1.0,3.0,Thursday
2012-11-01,67,2012.0,11.0,1.0,Thursday
2019-05-29,68,2019.0,5.0,29.0,Wednesday
2018-11-02,69,2018.0,11.0,2.0,Friday
2018-05-26,70,2018.0,5.0,26.0,Saturday
2017-03-17,71,2017.0,3.0,17.0,Friday
2019-06-02,72,2019.0,6.0,2.0,Sunday
2017-12-11,73,2017.0,12.0,11.0,Monday
2018-12-30,74,2018.0,12.0,30.0,Sunday
2017-08-09,75,2017.0,8.0,9.0,Wednesday
2015-12-02,76,2015.0,12.0,2.0,Wednesday
2019-04-27,77,2019.0,4.0,27.0,Saturday
2019-06-07,78,2019.0,6.0,7.0,Friday
2019-05-20,79,2019.0,5.0,20.0,Monday
2011-12-10,80,2011.0,12.0,10.0,Saturday
2018-10-05,81,2018.0,10.0,5.0,Friday
2011-09-18,82,2011.0,9.0,18.0,Sunday
2017-08-15,83,2017.0,8.0,15.0,Tuesday
2017-08-17,84,2017.0,8.0,17.0,Thursday
2019-05-14,85,2019.0,5.0,14.0,Tuesday
2019-06-20,86,2019.0,6.0,20.0,Thursday
2019-07-03,87,2019.0,7.0,3.0,Wednesday
2019-06-25,88,2019.0,6.0,25.0,Tuesday
2017-07-30,89,2017.0,7.0,30.0,Sunday
2018-06-11,90,2018.0,6.0,11.0,Monday
2016-04-24,91,2016.0,4.0,24.0,Sunday
2011-09-19,92,2011.0,9.0,19.0,Monday
2013-05-10,93,2013.0,5.0,10.0,Friday
2018-08-27,94,2018.0,8.0,27.0,Monday
2017-05-29,95,2017.0,5.0,29.0,Monday
2019-03-31,96,2019.0,3.0,31.0,Sunday
2018-12-27,97,2018.0,12.0,27.0,Thursday
2018-12-31,98,2018.0,12.0,31.0,Monday
2019-06-08,99,2019.0,6.0,8.0,Saturday
2019-04-12,100,2019.0,4.0,12.0,Friday
2011-04-25,101,2011.0,4.0,25.0,Monday
2016-09-23,102,2016.0,9.0,23.0,Friday
2015-11-02,103,2015.0,11.0,2.0,Monday
2019-07-04,104,2019.0,7.0,4.0,Thursday
2016-07-06,105,2016.0,7.0,6.0,Wednesday
2016-04-20,106,2016.0,4.0,20.0,Wednesday
2018-12-17,107,2018.0,12.0,17.0,Monday
2019-05-19,108,2019.0,5.0,19.0,Sunday
2012-09-03,109,2012.0,9.0,3.0,Monday
2015-07-17,110,2015.0,7.0,17.0,Friday
2017-11-13,111,2017.0,11.0,13.0,Monday
2015-05-09,112,2015.0,5.0,9.0,Saturday
2015-10-08,113,2015.0,10.0,8.0,Thursday
2014-01-07,114,2014.0,1.0,7.0,Tuesday
2019-06-06,115,2019.0,6.0,6.0,Thursday
2018-12-05,116,2018.0,12.0,5.0,Wednesday
2019-06-10,117,2019.0,6.0,10.0,Monday
2019-06-03,118,2019.0,6.0,3.0,Monday
2019-05-24,119,2019.0,5.0,24.0,Friday
2019-05-08,120,2019.0,5.0,8.0,Wednesday
2012-09-17,121,2012.0,9.0,17.0,Monday
2016-01-05,122,2016.0,1.0,5.0,Tuesday
2019-05-11,123,2019.0,5.0,11.0,Saturday
2018-09-29,124,2018.0,9.0,29.0,Saturday
2019-06-11,125,2019.0,6.0,11.0,Tuesday
2018-10-07,126,2018.0,10.0,7.0,Sunday
2017-08-25,127,2017.0,8.0,25.0,Friday
2015-12-12,128,2015.0,12.0,12.0,Saturday
2017-07-27,129,2017.0,7.0,27.0,Thursday
2019-04-30,130,2019.0,4.0,30.0,Tuesday
2016-08-29,131,2016.0,8.0,29.0,Monday
2018-08-19,132,2018.0,8.0,19.0,Sunday
2019-01-07,133,2019.0,1.0,7.0,Monday
2019-01-05,134,2019.0,1.0,5.0,Saturday
2013-05-02,135,2013.0,5.0,2.0,Thursday
2019-02-16,136,2019.0,2.0,16.0,Saturday
2019-05-06,137,2019.0,5.0,6.0,Monday
2018-07-06,138,2018.0,7.0,6.0,Friday
2016-11-13,139,2016.0,11.0,13.0,Sunday
2019-01-10,140,2019.0,1.0,10.0,Thursday
2014-05-13,141,2014.0,5.0,13.0,Tuesday
2019-02-15,142,2019.0,2.0,15.0,Friday
2015-11-25,143,2015.0,11.0,25.0,Wednesday
2012-08-22,144,2012.0,8.0,22.0,Wednesday
2011-03-28,145,2011.0,3.0,28.0,Monday
2016-02-05,146,2016.0,2.0,5.0,Friday
2019-04-20,147,2019.0,4.0,20.0,Saturday
2016-03-27,148,2016.0,3.0,27.0,Sunday
2018-09-25,149,2018.0,9.0,25.0,Tuesday
2011-05-12,150,2011.0,5.0,12.0,Thursday
2016-09-16,151,2016.0,9.0,16.0,Friday
2018-09-03,152,2018.0,9.0,3.0,Monday
2018-08-26,153,2018.0,8.0,26.0,Sunday
2019-01-14,154,2019.0,1.0,14.0,Monday
2016-07-18,155,2016.0,7.0,18.0,Monday
2018-12-26,156,2018.0,12.0,26.0,Wednesday
2012-01-03,157,2012.0,1.0,3.0,Tuesday
2019-07-08,158,2019.0,7.0,8.0,Monday
2019-03-01,159,2019.0,3.0,1.0,Friday
2018-01-01,160,2018.0,1.0,1.0,Monday
2018-05-19,161,2018.0,5.0,19.0,Saturday
2015-09-21,162,2015.0,9.0,21.0,Monday
2013-01-01,163,2013.0,1.0,1.0,Tuesday
2016-01-02,164,2016.0,1.0,2.0,Saturday
2018-12-28,165,2018.0,12.0,28.0,Friday
2018-09-24,166,2018.0,9.0,24.0,Monday
2016-05-02,167,2016.0,5.0,2.0,Monday
2014-11-06,168,2014.0,11.0,6.0,Thursday
2014-08-04,169,2014.0,8.0,4.0,Monday
2017-12-26,170,2017.0,12.0,26.0,Tuesday
2016-06-06,171,2016.0,6.0,6.0,Monday
2019-05-30,172,2019.0,5.0,30.0,Thursday
2018-07-08,173,2018.0,7.0,8.0,Sunday
2019-01-31,174,2019.0,1.0,31.0,Thursday
2017-05-25,175,2017.0,5.0,25.0,Thursday
2018-01-13,176,2018.0,1.0,13.0,Saturday
2013-10-01,177,2013.0,10.0,1.0,Tuesday
2014-11-10,178,2014.0,11.0,10.0,Monday
2014-06-06,179,2014.0,6.0,6.0,Friday
2013-05-31,180,2013.0,5.0,31.0,Friday
2018-12-11,181,2018.0,12.0,11.0,Tuesday
2019-02-12,182,2019.0,2.0,12.0,Tuesday
2018-11-16,183,2018.0,11.0,16.0,Friday
2018-05-08,184,2018.0,5.0,8.0,Tuesday
2019-05-02,185,2019.0,5.0,2.0,Thursday
2017-10-08,186,2017.0,10.0,8.0,Sunday
2015-03-13,187,2015.0,3.0,13.0,Friday
2014-08-31,188,2014.0,8.0,31.0,Sunday
2017-12-31,189,2017.0,12.0,31.0,Sunday
2018-08-29,190,2018.0,8.0,29.0,Wednesday
2018-08-23,191,2018.0,8.0,23.0,Thursday
2015-08-08,192,2015.0,8.0,8.0,Saturday
2018-05-13,193,2018.0,5.0,13.0,Sunday
2018-08-24,194,2018.0,8.0,24.0,Friday
2013-10-15,195,2013.0,10.0,15.0,Tuesday
2017-04-18,196,2017.0,4.0,18.0,Tuesday
2016-02-15,197,2016.0,2.0,15.0,Monday
2015-10-01,198,2015.0,10.0,1.0,Thursday
2018-01-03,199,2018.0,1.0,3.0,Wednesday
2018-05-05,200,2018.0,5.0,5.0,Saturday
2018-10-23,201,2018.0,10.0,23.0,Tuesday
2019-05-07,202,2019.0,5.0,7.0,Tuesday
2019-04-13,203,2019.0,4.0,13.0,Saturday
2018-12-01,204,2018.0,12.0,1.0,Saturday
2019-04-04,205,2019.0,4.0,4.0,Thursday
2019-04-29,206,2019.0,4.0,29.0,Monday
2018-12-03,207,2018.0,12.0,3.0,Monday
2015-08-28,208,2015.0,8.0,28.0,Friday
2016-01-01,209,2016.0,1.0,1.0,Friday
2018-10-20,210,2018.0,10.0,20.0,Saturday
2018-01-12,211,2018.0,1.0,12.0,Friday
2014-04-20,212,2014.0,4.0,20.0,Sunday
2019-03-28,213,2019.0,3.0,28.0,Thursday
2018-05-21,214,2018.0,5.0,21.0,Monday
2017-06-18,215,2017.0,6.0,18.0,Sunday
2019-06-12,216,2019.0,6.0,12.0,Wednesday
2015-06-14,217,2015.0,6.0,14.0,Sunday
2018-04-30,218,2018.0,4.0,30.0,Monday
2016-12-26,219,2016.0,12.0,26.0,Monday
2016-09-18,220,2016.0,9.0,18.0,Sunday
2015-09-17,221,2015.0,9.0,17.0,Thursday
2016-11-15,222,2016.0,11.0,15.0,Tuesday
2015-08-31,223,2015.0,8.0,31.0,Monday
2018-04-25,224,2018.0,4.0,25.0,Wednesday
2016-06-23,225,2016.0,6.0,23.0,Thursday
2019-04-21,226,2019.0,4.0,21.0,Sunday
2018-02-08,227,2018.0,2.0,8.0,Thursday
2018-11-14,228,2018.0,11.0,14.0,Wednesday
2019-01-19,229,2019.0,1.0,19.0,Saturday
2017-10-14,230,2017.0,10.0,14.0,Saturday
2015-06-03,231,2015.0,6.0,3.0,Wednesday
2015-07-20,232,2015.0,7.0,20.0,Monday
2019-02-28,233,2019.0,2.0,28.0,Thursday
2017-01-05,234,2017.0,1.0,5.0,Thursday
2019-03-15,235,2019.0,3.0,15.0,Friday
2018-09-15,236,2018.0,9.0,15.0,Saturday
2018-10-26,237,2018.0,10.0,26.0,Friday
2015-01-02,238,2015.0,1.0,2.0,Friday
2018-07-05,239,2018.0,7.0,5.0,Thursday
2018-08-14,240,2018.0,8.0,14.0,Tuesday
2012-01-02,241,2012.0,1.0,2.0,Monday
2015-10-02,242,2015.0,10.0,2.0,Friday
2013-07-09,243,2013.0,7.0,9.0,Tuesday
2018-07-31,244,2018.0,7.0,31.0,Tuesday
2017-07-31,245,2017.0,7.0,31.0,Monday
2019-04-26,246,2019.0,4.0,26.0,Friday
2018-05-28,247,2018.0,5.0,28.0,Monday
2019-04-14,248,2019.0,4.0,14.0,Sunday
2019-04-28,249,2019.0,4.0,28.0,Sunday
2014-10-06,250,2014.0,10.0,6.0,Monday
2018-05-18,251,2018.0,5.0,18.0,Friday
2018-12-19,252,2018.0,12.0,19.0,Wednesday
2017-07-09,253,2017.0,7.0,9.0,Sunday
2019-04-01,254,2019.0,4.0,1.0,Monday
2016-10-02,255,2016.0,10.0,2.0,Sunday
2015-08-17,256,2015.0,8.0,17.0,Monday
2017-06-28,257,2017.0,6.0,28.0,Wednesday
2015-07-03,258,2015.0,7.0,3.0,Friday
2014-12-03,259,2014.0,12.0,3.0,Wednesday
2017-09-25,260,2017.0,9.0,25.0,Monday
2019-05-23,261,2019.0,5.0,23.0,Thursday
2018-09-01,262,2018.0,9.0,1.0,Saturday
2018-11-06,263,2018.0,11.0,6.0,Tuesday
2015-06-25,264,2015.0,6.0,25.0,Thursday
2018-11-26,265,2018.0,11.0,26.0,Monday
2019-04-25,266,2019.0,4.0,25.0,Thursday
2018-07-26,267,2018.0,7.0,26.0,Thursday
2015-11-03,268,2015.0,11.0,3.0,Tuesday
2018-04-19,269,2018.0,4.0,19.0,Thursday
2015-12-04,270,2015.0,12.0,4.0,Friday
2014-01-13,271,2014.0,1.0,13.0,Monday
2019-01-28,272,2019.0,1.0,28.0,Monday
2017-08-12,273,2017.0,8.0,12.0,Saturday
2019-04-10,274,2019.0,4.0,10.0,Wednesday
2015-12-30,275,2015.0,12.0,30.0,Wednesday
2014-10-26,276,2014.0,10.0,26.0,Sunday
2018-06-30,277,2018.0,6.0,30.0,Saturday
2019-05-22,278,2019.0,5.0,22.0,Wednesday
2017-08-28,279,2017.0,8.0,28.0,Monday
2015-05-27,280,2015.0,5.0,27.0,Wednesday
2017-04-01,281,2017.0,4.0,1.0,Saturday
2017-12-30,282,2017.0,12.0,30.0,Saturday
2019-01-27,283,2019.0,1.0,27.0,Sunday
2015-08-19,284,2015.0,8.0,19.0,Wednesday
2017-05-03,285,2017.0,5.0,3.0,Wednesday
2015-01-08,286,2015.0,1.0,8.0,Thursday
2015-11-01,287,2015.0,11.0,1.0,Sunday
2019-03-19,288,2019.0,3.0,19.0,Tuesday
2018-07-12,289,2018.0,7.0,12.0,Thursday
2019-01-21,290,2019.0,1.0,21.0,Monday
2013-09-24,291,2013.0,9.0,24.0,Tuesday
2019-01-15,292,2019.0,1.0,15.0,Tuesday
2019-03-27,293,2019.0,3.0,27.0,Wednesday
2015-09-07,294,2015.0,9.0,7.0,Monday
2015-09-08,295,2015.0,9.0,8.0,Tuesday
2018-01-02,296,2018.0,1.0,2.0,Tuesday
2018-10-27,297,2018.0,10.0,27.0,Saturday
2016-09-01,298,2016.0,9.0,1.0,Thursday
2019-05-13,299,2019.0,5.0,13.0,Monday
2017-12-29,300,2017.0,12.0,29.0,Friday
2017-06-20,301,2017.0,6.0,20.0,Tuesday
2013-04-21,302,2013.0,4.0,21.0,Sunday
2017-03-18,303,2017.0,3.0,18.0,Saturday
2018-04-10,304,2018.0,4.0,10.0,Tuesday
2014-10-31,305,2014.0,10.0,31.0,Friday
2012-10-02,306,2012.0,10.0,2.0,Tuesday
2018-08-10,307,2018.0,8.0,10.0,Friday
2016-08-03,308,2016.0,8.0,3.0,Wednesday
2018-11-12,309,2018.0,11.0,12.0,Monday
2013-05-06,310,2013.0,5.0,6.0,Monday
2018-08-03,311,2018.0,8.0,3.0,Friday
2013-09-11,312,2013.0,9.0,11.0,Wednesday
2015-10-31,313,2015.0,10.0,31.0,Saturday
2017-08-01,314,2017.0,8.0,1.0,Tuesday
2016-09-05,315,2016.0,9.0,5.0,Monday
2016-08-11,316,2016.0,8.0,11.0,Thursday
2016-11-26,317,2016.0,11.0,26.0,Saturday
2014-09-09,318,2014.0,9.0,9.0,Tuesday
2018-04-15,319,2018.0,4.0,15.0,Sunday
2016-08-30,320,2016.0,8.0,30.0,Tuesday
2018-09-12,321,2018.0,9.0,12.0,Wednesday
2019-04-23,322,2019.0,4.0,23.0,Tuesday
2015-05-20,323,2015.0,5.0,20.0,Wednesday
2014-03-24,324,2014.0,3.0,24.0,Monday
2017-09-21,325,2017.0,9.0,21.0,Thursday
2018-10-10,326,2018.0,10.0,10.0,Wednesday
2013-12-04,327,2013.0,12.0,4.0,Wednesday
2016-11-08,328,2016.0,11.0,8.0,Tuesday
2018-04-02,329,2018.0,4.0,2.0,Monday
2016-03-26,330,2016.0,3.0,26.0,Saturday
2019-05-04,331,2019.0,5.0,4.0,Saturday
2017-06-24,332,2017.0,6.0,24.0,Saturday
2019-02-08,333,2019.0,2.0,8.0,Friday
2017-12-10,334,2017.0,12.0,10.0,Sunday
2018-12-22,335,2018.0,12.0,22.0,Saturday
2015-11-16,336,2015.0,11.0,16.0,Monday
2017-01-02,337,2017.0,1.0,2.0,Monday
2016-05-14,338,2016.0,5.0,14.0,Saturday
2019-05-03,339,2019.0,5.0,3.0,Friday
2015-08-23,340,2015.0,8.0,23.0,Sunday
2018-07-16,341,2018.0,7.0,16.0,Monday
2012-06-07,342,2012.0,6.0,7.0,Thursday
2016-07-13,343,2016.0,7.0,13.0,Wednesday
2015-05-31,344,2015.0,5.0,31.0,Sunday
2014-10-28,345,2014.0,10.0,28.0,Tuesday
2018-06-19,346,2018.0,6.0,19.0,Tuesday
2018-11-04,347,2018.0,11.0,4.0,Sunday
2019-04-07,348,2019.0,4.0,7.0,Sunday
2014-06-09,349,2014.0,6.0,9.0,Monday
2018-07-30,350,2018.0,7.0,30.0,Monday
2018-12-29,351,2018.0,12.0,29.0,Saturday
2014-09-04,352,2014.0,9.0,4.0,Thursday
2019-04-24,353,2019.0,4.0,24.0,Wednesday
2015-10-12,354,2015.0,10.0,12.0,Monday
2017-04-14,355,2017.0,4.0,14.0,Friday
2018-12-04,356,2018.0,12.0,4.0,Tuesday
2018-10-24,357,2018.0,10.0,24.0,Wednesday
2015-05-15,358,2015.0,5.0,15.0,Friday
2016-01-03,359,2016.0,1.0,3.0,Sunday
2018-09-04,360,2018.0,9.0,4.0,Tuesday
2019-03-04,361,2019.0,3.0,4.0,Monday
2018-11-09,362,2018.0,11.0,9.0,Friday
2015-09-30,363,2015.0,9.0,30.0,Wednesday
2019-05-05,364,2019.0,5.0,5.0,Sunday
2018-10-08,365,2018.0,10.0,8.0,Monday
2013-06-22,366,2013.0,6.0,22.0,Saturday
2015-11-17,367,2015.0,11.0,17.0,Tuesday
2017-09-05,368,2017.0,9.0,5.0,Tuesday
2016-12-04,369,2016.0,12.0,4.0,Sunday
2017-06-30,370,2017.0,6.0,30.0,Friday
2016-10-11,371,2016.0,10.0,11.0,Tuesday
2016-10-22,372,2016.0,10.0,22.0,Saturday
2019-02-14,373,2019.0,2.0,14.0,Thursday
2019-05-09,374,2019.0,5.0,9.0,Thursday
2018-09-26,375,2018.0,9.0,26.0,Wednesday
2019-03-24,376,2019.0,3.0,24.0,Sunday
2016-05-31,377,2016.0,5.0,31.0,Tuesday
2019-03-13,378,2019.0,3.0,13.0,Wednesday
2016-10-30,379,2016.0,10.0,30.0,Sunday
2017-08-11,380,2017.0,8.0,11.0,Friday
2016-05-21,381,2016.0,5.0,21.0,Saturday
2019-04-02,382,2019.0,4.0,2.0,Tuesday
2015-05-21,383,2015.0,5.0,21.0,Thursday
2015-10-06,384,2015.0,10.0,6.0,Tuesday
2017-01-31,385,2017.0,1.0,31.0,Tuesday
2014-08-22,386,2014.0,8.0,22.0,Friday
2016-09-28,387,2016.0,9.0,28.0,Wednesday
2018-11-25,388,2018.0,11.0,25.0,Sunday
2017-10-03,389,2017.0,10.0,3.0,Tuesday
2016-12-24,390,2016.0,12.0,24.0,Saturday
2015-10-07,391,2015.0,10.0,7.0,Wednesday
2018-08-22,392,2018.0,8.0,22.0,Wednesday
2017-04-17,393,2017.0,4.0,17.0,Monday
2018-03-27,394,2018.0,3.0,27.0,Tuesday
2014-08-21,395,2014.0,8.0,21.0,Thursday
2016-01-09,396,2016.0,1.0,9.0,Saturday
2018-12-15,397,2018.0,12.0,15.0,Saturday
2015-08-16,398,2015.0,8.0,16.0,Sunday
2018-06-23,399,2018.0,6.0,23.0,Saturday
2013-11-01,400,2013.0,11.0,1.0,Friday
2014-12-31,401,2014.0,12.0,31.0,Wednesday
2018-08-16,402,2018.0,8.0,16.0,Thursday
2018-09-19,403,2018.0,9.0,19.0,Wednesday
2015-10-04,404,2015.0,10.0,4.0,Sunday
2016-05-12,405,2016.0,5.0,12.0,Thursday
2018-03-24,406,2018.0,3.0,24.0,Saturday
2018-12-16,407,2018.0,12.0,16.0,Sunday
2012-05-29,408,2012.0,5.0,29.0,Tuesday
2015-12-22,409,2015.0,12.0,22.0,Tuesday
2018-12-12,410,2018.0,12.0,12.0,Wednesday
2013-09-01,411,2013.0,9.0,1.0,Sunday
2016-05-23,412,2016.0,5.0,23.0,Monday
2019-01-04,413,2019.0,1.0,4.0,Friday
2017-02-19,414,2017.0,2.0,19.0,Sunday
2015-07-27,415,2015.0,7.0,27.0,Monday
2019-03-09,416,2019.0,3.0,9.0,Saturday
2018-10-11,417,2018.0,10.0,11.0,Thursday
2019-01-06,418,2019.0,1.0,6.0,Sunday
2014-05-20,419,2014.0,5.0,20.0,Tuesday
2017-11-04,420,2017.0,11.0,4.0,Saturday
2012-12-30,421,2012.0,12.0,30.0,Sunday
2019-02-20,422,2019.0,2.0,20.0,Wednesday
2014-06-30,423,2014.0,6.0,30.0,Monday
2016-08-21,424,2016.0,8.0,21.0,Sunday
2018-03-02,425,2018.0,3.0,2.0,Friday
2017-03-29,426,2017.0,3.0,29.0,Wednesday
2016-10-09,427,2016.0,10.0,9.0,Sunday
2013-03-31,428,2013.0,3.0,31.0,Sunday
2017-05-30,429,2017.0,5.0,30.0,Tuesday
2018-07-23,430,2018.0,7.0,23.0,Monday
2017-05-07,431,2017.0,5.0,7.0,Sunday
2018-10-22,432,2018.0,10.0,22.0,Monday
2019-02-23,433,2019.0,2.0,23.0,Saturday
2013-07-14,434,2013.0,7.0,14.0,Sunday
2017-07-01,435,2017.0,7.0,1.0,Saturday
2014-09-03,436,2014.0,9.0,3.0,Wednesday
2012-06-22,437,2012.0,6.0,22.0,Friday
2019-03-22,438,2019.0,3.0,22.0,Friday
2015-09-20,439,2015.0,9.0,20.0,Sunday
2016-05-09,440,2016.0,5.0,9.0,Monday
2012-07-11,441,2012.0,7.0,11.0,Wednesday
2013-01-04,442,2013.0,1.0,4.0,Friday
2015-08-15,443,2015.0,8.0,15.0,Saturday
2019-05-15,444,2019.0,5.0,15.0,Wednesday
2016-04-28,445,2016.0,4.0,28.0,Thursday
2012-12-25,446,2012.0,12.0,25.0,Tuesday
2012-12-31,447,2012.0,12.0,31.0,Monday
2015-06-28,448,2015.0,6.0,28.0,Sunday
2018-07-04,449,2018.0,7.0,4.0,Wednesday
2018-09-10,450,2018.0,9.0,10.0,Monday
2018-09-14,451,2018.0,9.0,14.0,Friday
2014-06-28,452,2014.0,6.0,28.0,Saturday
2018-10-18,453,2018.0,10.0,18.0,Thursday
2014-07-08,454,2014.0,7.0,8.0,Tuesday
2018-10-15,455,2018.0,10.0,15.0,Monday
2015-06-12,456,2015.0,6.0,12.0,Friday
2019-01-20,457,2019.0,1.0,20.0,Sunday
2018-08-07,458,2018.0,8.0,7.0,Tuesday
2015-08-07,459,2015.0,8.0,7.0,Friday
2016-05-16,460,2016.0,5.0,16.0,Monday
2015-05-25,461,2015.0,5.0,25.0,Monday
2017-08-10,462,2017.0,8.0,10.0,Thursday
2019-05-10,463,2019.0,5.0,10.0,Friday
2016-04-22,464,2016.0,4.0,22.0,Friday
2016-12-05,465,2016.0,12.0,5.0,Monday
2012-09-05,466,2012.0,9.0,5.0,Wednesday
2017-02-15,467,2017.0,2.0,15.0,Wednesday
2016-12-28,468,2016.0,12.0,28.0,Wednesday
2016-10-03,469,2016.0,10.0,3.0,Monday
2014-04-15,470,2014.0,4.0,15.0,Tuesday
2017-08-22,471,2017.0,8.0,22.0,Tuesday
2012-09-14,472,2012.0,9.0,14.0,Friday
2018-08-05,473,2018.0,8.0,5.0,Sunday
2017-06-01,474,2017.0,6.0,1.0,Thursday
2018-11-13,475,2018.0,11.0,13.0,Tuesday
2016-07-01,476,2016.0,7.0,1.0,Friday
2013-06-20,477,2013.0,6.0,20.0,Thursday
2017-05-08,478,2017.0,5.0,8.0,Monday
2015-03-31,479,2015.0,3.0,31.0,Tuesday
2012-08-10,480,2012.0,8.0,10.0,Friday
2014-04-27,481,2014.0,4.0,27.0,Sunday
2016-07-15,482,2016.0,7.0,15.0,Friday
2016-11-18,483,2016.0,11.0,18.0,Friday
2015-10-11,484,2015.0,10.0,11.0,Sunday
2018-10-21,485,2018.0,10.0,21.0,Sunday
2017-01-25,486,2017.0,1.0,25.0,Wednesday
2015-12-29,487,2015.0,12.0,29.0,Tuesday
2014-10-18,488,2014.0,10.0,18.0,Saturday
2015-12-07,489,2015.0,12.0,7.0,Monday
2019-04-18,490,2019.0,4.0,18.0,Thursday
2018-06-05,491,2018.0,6.0,5.0,Tuesday
2015-12-31,492,2015.0,12.0,31.0,Thursday
2015-10-18,493,2015.0,10.0,18.0,Sunday
2017-07-29,494,2017.0,7.0,29.0,Saturday
2017-11-21,495,2017.0,11.0,21.0,Tuesday
2018-09-13,496,2018.0,9.0,13.0,Thursday
2018-08-21,497,2018.0,8.0,21.0,Tuesday
2015-10-28,498,2015.0,10.0,28.0,Wednesday
2013-09-04,499,2013.0,9.0,4.0,Wednesday
2015-10-13,500,2015.0,10.0,13.0,Tuesday
2014-04-22,501,2014.0,4.0,22.0,Tuesday
2015-09-28,502,2015.0,9.0,28.0,Monday
2018-06-04,503,2018.0,6.0,4.0,Monday
2013-04-03,504,2013.0,4.0,3.0,Wednesday
2016-01-11,505,2016.0,1.0,11.0,Monday
2015-09-23,506,2015.0,9.0,23.0,Wednesday
2012-09-18,507,2012.0,9.0,18.0,Tuesday
2019-04-06,508,2019.0,4.0,6.0,Saturday
2013-03-08,509,2013.0,3.0,8.0,Friday
2012-09-23,510,2012.0,9.0,23.0,Sunday
2015-09-25,511,2015.0,9.0,25.0,Friday
2016-12-08,512,2016.0,12.0,8.0,Thursday
2013-12-25,513,2013.0,12.0,25.0,Wednesday
2015-08-25,514,2015.0,8.0,25.0,Tuesday
2016-12-31,515,2016.0,12.0,31.0,Saturday
2016-08-15,516,2016.0,8.0,15.0,Monday
2018-08-15,517,2018.0,8.0,15.0,Wednesday
2015-10-24,518,2015.0,10.0,24.0,Saturday
2012-08-25,519,2012.0,8.0,25.0,Saturday
2018-07-09,520,2018.0,7.0,9.0,Monday
2018-01-04,521,2018.0,1.0,4.0,Thursday
2016-05-07,522,2016.0,5.0,7.0,Saturday
2016-01-28,523,2016.0,1.0,28.0,Thursday
2013-07-11,524,2013.0,7.0,11.0,Thursday
2018-06-24,525,2018.0,6.0,24.0,Sunday
2017-08-03,526,2017.0,8.0,3.0,Thursday
2015-07-16,527,2015.0,7.0,16.0,Thursday
2018-08-31,528,2018.0,8.0,31.0,Friday
2019-01-18,529,2019.0,1.0,18.0,Friday
2018-12-20,530,2018.0,12.0,20.0,Thursday
2017-10-15,531,2017.0,10.0,15.0,Sunday
2017-05-20,532,2017.0,5.0,20.0,Saturday
2017-05-18,533,2017.0,5.0,18.0,Thursday
2018-01-25,534,2018.0,1.0,25.0,Thursday
2018-09-07,535,2018.0,9.0,7.0,Friday
2016-08-26,536,2016.0,8.0,26.0,Friday
2019-04-15,537,2019.0,4.0,15.0,Monday
2017-12-08,538,2017.0,12.0,8.0,Friday
2017-10-06,539,2017.0,10.0,6.0,Friday
2018-12-10,540,2018.0,12.0,10.0,Monday
2015-04-11,541,2015.0,4.0,11.0,Saturday
2017-08-29,542,2017.0,8.0,29.0,Tuesday
2013-08-08,543,2013.0,8.0,8.0,Thursday
2019-03-12,544,2019.0,3.0,12.0,Tuesday
2018-09-02,545,2018.0,9.0,2.0,Sunday
2015-05-14,546,2015.0,5.0,14.0,Thursday
2019-03-17,547,2019.0,3.0,17.0,Sunday
2017-04-16,548,2017.0,4.0,16.0,Sunday
2014-05-19,549,2014.0,5.0,19.0,Monday
2018-06-25,550,2018.0,6.0,25.0,Monday
2015-10-05,551,2015.0,10.0,5.0,Monday
2018-09-18,552,2018.0,9.0,18.0,Tuesday
2017-08-21,553,2017.0,8.0,21.0,Monday
2015-08-29,554,2015.0,8.0,29.0,Saturday
2017-12-12,555,2017.0,12.0,12.0,Tuesday
2016-03-15,556,2016.0,3.0,15.0,Tuesday
2018-11-01,557,2018.0,11.0,1.0,Thursday
2018-12-07,558,2018.0,12.0,7.0,Friday
2016-05-25,559,2016.0,5.0,25.0,Wednesday
2017-05-26,560,2017.0,5.0,26.0,Friday
2018-08-02,561,2018.0,8.0,2.0,Thursday
2015-08-02,562,2015.0,8.0,2.0,Sunday
2018-07-24,563,2018.0,7.0,24.0,Tuesday
2018-09-16,564,2018.0,9.0,16.0,Sunday
2018-09-05,565,2018.0,9.0,5.0,Wednesday
2017-12-15,566,2017.0,12.0,15.0,Friday
2013-01-05,567,2013.0,1.0,5.0,Saturday
2015-07-06,568,2015.0,7.0,6.0,Monday
2016-10-15,569,2016.0,10.0,15.0,Saturday
2015-12-28,570,2015.0,12.0,28.0,Monday
2015-12-13,571,2015.0,12.0,13.0,Sunday
2015-10-27,572,2015.0,10.0,27.0,Tuesday
2017-05-22,573,2017.0,5.0,22.0,Monday
2015-04-28,574,2015.0,4.0,28.0,Tuesday
2015-05-23,575,2015.0,5.0,23.0,Saturday
2014-11-03,576,2014.0,11.0,3.0,Monday
2015-03-02,577,2015.0,3.0,2.0,Monday
2016-12-27,578,2016.0,12.0,27.0,Tuesday
2017-04-30,579,2017.0,4.0,30.0,Sunday
2012-11-10,580,2012.0,11.0,10.0,Saturday
2018-06-29,581,2018.0,6.0,29.0,Friday
2016-05-01,582,2016.0,5.0,1.0,Sunday
2014-09-22,583,2014.0,9.0,22.0,Monday
2019-02-11,584,2019.0,2.0,11.0,Monday
2016-04-21,585,2016.0,4.0,21.0,Thursday
2018-06-28,586,2018.0,6.0,28.0,Thursday
2015-10-19,587,2015.0,10.0,19.0,Monday
2016-04-23,588,2016.0,4.0,23.0,Saturday
2014-04-28,589,2014.0,4.0,28.0,Monday
2014-06-10,590,2014.0,6.0,10.0,Tuesday
2013-10-17,591,2013.0,10.0,17.0,Thursday
2019-03-16,592,2019.0,3.0,16.0,Saturday
2017-11-18,593,2017.0,11.0,18.0,Saturday
2015-06-09,594,2015.0,6.0,9.0,Tuesday
2017-08-14,595,2017.0,8.0,14.0,Monday
2018-07-27,596,2018.0,7.0,27.0,Friday
2018-04-07,597,2018.0,4.0,7.0,Saturday
2015-06-15,598,2015.0,6.0,15.0,Monday
2015-09-26,599,2015.0,9.0,26.0,Saturday
2018-09-21,600,2018.0,9.0,21.0,Friday
2017-08-19,601,2017.0,8.0,19.0,Saturday
2017-01-03,602,2017.0,1.0,3.0,Tuesday
2019-03-11,603,2019.0,3.0,11.0,Monday
2016-09-26,604,2016.0,9.0,26.0,Monday
2016-06-27,605,2016.0,6.0,27.0,Monday
2018-11-10,606,2018.0,11.0,10.0,Saturday
2016-01-07,607,2016.0,1.0,7.0,Thursday
2015-11-14,608,2015.0,11.0,14.0,Saturday
2015-06-26,609,2015.0,6.0,26.0,Friday
2013-06-30,610,2013.0,6.0,30.0,Sunday
2015-11-13,611,2015.0,11.0,13.0,Friday
2017-11-20,612,2017.0,11.0,20.0,Monday
2018-11-28,613,2018.0,11.0,28.0,Wednesday
2018-01-07,614,2018.0,1.0,7.0,Sunday
2014-09-12,615,2014.0,9.0,12.0,Friday
2017-12-28,616,2017.0,12.0,28.0,Thursday
2019-01-12,617,2019.0,1.0,12.0,Saturday
2015-01-07,618,2015.0,1.0,7.0,Wednesday
2016-11-06,619,2016.0,11.0,6.0,Sunday
2015-11-10,620,2015.0,11.0,10.0,Tuesday
2016-10-08,621,2016.0,10.0,8.0,Saturday
2014-12-26,622,2014.0,12.0,26.0,Friday
2012-12-12,623,2012.0,12.0,12.0,Wednesday
2017-06-09,624,2017.0,6.0,9.0,Friday
2016-05-24,625,2016.0,5.0,24.0,Tuesday
2019-03-02,626,2019.0,3.0,2.0,Saturday
2015-01-03,627,2015.0,1.0,3.0,Saturday
2014-07-13,628,2014.0,7.0,13.0,Sunday
2018-10-13,629,2018.0,10.0,13.0,Saturday
2016-10-12,630,2016.0,10.0,12.0,Wednesday
2017-10-18,631,2017.0,10.0,18.0,Wednesday
2013-11-09,632,2013.0,11.0,9.0,Saturday
2016-03-30,633,2016.0,3.0,30.0,Wednesday
2019-04-17,634,2019.0,4.0,17.0,Wednesday
2017-05-24,635,2017.0,5.0,24.0,Wednesday
2015-09-27,636,2015.0,9.0,27.0,Sunday
2017-09-10,637,2017.0,9.0,10.0,Sunday
2018-05-16,638,2018.0,5.0,16.0,Wednesday
2018-05-11,639,2018.0,5.0,11.0,Friday
2016-02-29,640,2016.0,2.0,29.0,Monday
2013-06-28,641,2013.0,6.0,28.0,Friday
2014-09-06,642,2014.0,9.0,6.0,Saturday
2015-11-05,643,2015.0,11.0,5.0,Thursday
2018-10-29,644,2018.0,10.0,29.0,Monday
2018-07-20,645,2018.0,7.0,20.0,Friday
2015-07-19,646,2015.0,7.0,19.0,Sunday
2018-05-02,647,2018.0,5.0,2.0,Wednesday
2015-12-08,648,2015.0,12.0,8.0,Tuesday
2017-12-06,649,2017.0,12.0,6.0,Wednesday
2018-10-25,650,2018.0,10.0,25.0,Thursday
2017-09-16,651,2017.0,9.0,16.0,Saturday
2015-03-25,652,2015.0,3.0,25.0,Wednesday
2017-07-03,653,2017.0,7.0,3.0,Monday
2015-03-30,654,2015.0,3.0,30.0,Monday
2016-10-17,655,2016.0,10.0,17.0,Monday
2019-04-11,656,2019.0,4.0,11.0,Thursday
2016-08-18,657,2016.0,8.0,18.0,Thursday
2017-08-02,658,2017.0,8.0,2.0,Wednesday
2018-11-27,659,2018.0,11.0,27.0,Tuesday
2018-02-12,660,2018.0,2.0,12.0,Monday
2016-06-10,661,2016.0,6.0,10.0,Friday
2016-10-16,662,2016.0,10.0,16.0,Sunday
2015-01-05,663,2015.0,1.0,5.0,Monday
2019-01-29,664,2019.0,1.0,29.0,Tuesday
2018-05-06,665,2018.0,5.0,6.0,Sunday
2014-06-27,666,2014.0,6.0,27.0,Friday
2018-06-10,667,2018.0,6.0,10.0,Sunday
2019-02-01,668,2019.0,2.0,1.0,Friday
2018-06-26,669,2018.0,6.0,26.0,Tuesday
2018-10-14,670,2018.0,10.0,14.0,Sunday
2019-02-03,671,2019.0,2.0,3.0,Sunday
2018-12-21,672,2018.0,12.0,21.0,Friday
2016-11-11,673,2016.0,11.0,11.0,Friday
2018-12-09,674,2018.0,12.0,9.0,Sunday
2018-09-08,675,2018.0,9.0,8.0,Saturday
2013-04-09,676,2013.0,4.0,9.0,Tuesday
2016-08-20,677,2016.0,8.0,20.0,Saturday
2014-09-24,678,2014.0,9.0,24.0,Wednesday
2013-08-01,679,2013.0,8.0,1.0,Thursday
2018-03-31,680,2018.0,3.0,31.0,Saturday
2014-10-05,681,2014.0,10.0,5.0,Sunday
2018-05-29,682,2018.0,5.0,29.0,Tuesday
2015-10-29,683,2015.0,10.0,29.0,Thursday
2018-08-12,684,2018.0,8.0,12.0,Sunday
2015-08-05,685,2015.0,8.0,5.0,Wednesday
2018-07-03,686,2018.0,7.0,3.0,Tuesday
2014-05-27,687,2014.0,5.0,27.0,Tuesday
2016-10-26,688,2016.0,10.0,26.0,Wednesday
2017-08-26,689,2017.0,8.0,26.0,Saturday
2015-10-15,690,2015.0,10.0,15.0,Thursday
2017-06-19,691,2017.0,6.0,19.0,Monday
2017-06-03,692,2017.0,6.0,3.0,Saturday
2017-05-31,693,2017.0,5.0,31.0,Wednesday
2018-07-28,694,2018.0,7.0,28.0,Saturday
2018-09-27,695,2018.0,9.0,27.0,Thursday
2017-12-02,696,2017.0,12.0,2.0,Saturday
2018-10-06,697,2018.0,10.0,6.0,Saturday
2019-03-08,698,2019.0,3.0,8.0,Friday
2014-10-02,699,2014.0,10.0,2.0,Thursday
2017-12-07,700,2017.0,12.0,7.0,Thursday
2016-10-14,701,2016.0,10.0,14.0,Friday
2016-05-28,702,2016.0,5.0,28.0,Saturday
2015-09-12,703,2015.0,9.0,12.0,Saturday
2015-01-09,704,2015.0,1.0,9.0,Friday
2017-09-29,705,2017.0,9.0,29.0,Friday
2015-01-01,706,2015.0,1.0,1.0,Thursday
2016-04-01,707,2016.0,4.0,1.0,Friday
2017-05-21,708,2017.0,5.0,21.0,Sunday
2016-08-23,709,2016.0,8.0,23.0,Tuesday
2016-08-17,710,2016.0,8.0,17.0,Wednesday
2018-07-07,711,2018.0,7.0,7.0,Saturday
2019-02-19,712,2019.0,2.0,19.0,Tuesday
2016-07-04,713,2016.0,7.0,4.0,Monday
2016-01-27,714,2016.0,1.0,27.0,Wednesday
2018-08-30,715,2018.0,8.0,30.0,Thursday
2014-07-12,716,2014.0,7.0,12.0,Saturday
2013-05-24,717,2013.0,5.0,24.0,Friday
2019-01-13,718,2019.0,1.0,13.0,Sunday
2016-11-07,719,2016.0,11.0,7.0,Monday
2016-11-30,720,2016.0,11.0,30.0,Wednesday
2015-09-22,721,2015.0,9.0,22.0,Tuesday
2017-07-24,722,2017.0,7.0,24.0,Monday
2015-05-17,723,2015.0,5.0,17.0,Sunday
2019-01-23,724,2019.0,1.0,23.0,Wednesday
2018-10-17,725,2018.0,10.0,17.0,Wednesday
2018-08-25,726,2018.0,8.0,25.0,Saturday
2016-08-19,727,2016.0,8.0,19.0,Friday
2014-10-12,728,2014.0,10.0,12.0,Sunday
2017-06-22,729,2017.0,6.0,22.0,Thursday
2018-07-01,730,2018.0,7.0,1.0,Sunday
2016-09-27,731,2016.0,9.0,27.0,Tuesday
2015-07-01,732,2015.0,7.0,1.0,Wednesday
2018-12-02,733,2018.0,12.0,2.0,Sunday
2015-08-01,734,2015.0,8.0,1.0,Saturday
2017-08-18,735,2017.0,8.0,18.0,Friday
2017-06-29,736,2017.0,6.0,29.0,Thursday
2017-12-14,737,2017.0,12.0,14.0,Thursday
2019-01-08,738,2019.0,1.0,8.0,Tuesday
2015-03-16,739,2015.0,3.0,16.0,Monday
2014-08-13,740,2014.0,8.0,13.0,Wednesday
2015-12-19,741,2015.0,12.0,19.0,Saturday
2014-05-17,742,2014.0,5.0,17.0,Saturday
2017-08-20,743,2017.0,8.0,20.0,Sunday
2017-01-16,744,2017.0,1.0,16.0,Monday
2016-09-19,745,2016.0,9.0,19.0,Monday
2018-09-11,746,2018.0,9.0,11.0,Tuesday
2015-10-09,747,2015.0,10.0,9.0,Friday
2018-08-20,748,2018.0,8.0,20.0,Monday
2018-01-31,749,2018.0,1.0,31.0,Wednesday
2019-03-10,750,2019.0,3.0,10.0,Sunday
2018-11-30,751,2018.0,11.0,30.0,Friday
2016-09-04,752,2016.0,9.0,4.0,Sunday
2015-04-03,753,2015.0,4.0,3.0,Friday
2018-12-08,754,2018.0,12.0,8.0,Saturday
2015-12-20,755,2015.0,12.0,20.0,Sunday
2018-04-21,756,2018.0,4.0,21.0,Saturday
2017-09-07,757,2017.0,9.0,7.0,Thursday
2016-05-29,758,2016.0,5.0,29.0,Sunday
2016-08-27,759,2016.0,8.0,27.0,Saturday
2019-03-29,760,2019.0,3.0,29.0,Friday
2017-12-03,761,2017.0,12.0,3.0,Sunday
2013-11-21,762,2013.0,11.0,21.0,Thursday
2016-01-30,763,2016.0,1.0,30.0,Saturday
2013-10-09,764,2013.0,10.0,9.0,Wednesday
2018-08-18,765,2018.0,8.0,18.0,Saturday
2014-08-23,766,2014.0,8.0,23.0,Saturday
2017-05-28,767,2017.0,5.0,28.0,Sunday
2013-09-06,768,2013.0,9.0,6.0,Friday
2016-05-18,769,2016.0,5.0,18.0,Wednesday
2016-08-22,770,2016.0,8.0,22.0,Monday
2018-10-03,771,2018.0,10.0,3.0,Wednesday
2018-10-12,772,2018.0,10.0,12.0,Friday
2019-01-25,773,2019.0,1.0,25.0,Friday
2017-12-20,774,2017.0,12.0,20.0,Wednesday
2019-04-03,775,2019.0,4.0,3.0,Wednesday
2016-07-05,776,2016.0,7.0,5.0,Tuesday
2016-07-25,777,2016.0,7.0,25.0,Monday
2013-09-07,778,2013.0,9.0,7.0,Saturday
2014-10-20,779,2014.0,10.0,20.0,Monday
2015-09-01,780,2015.0,9.0,1.0,Tuesday
2013-09-28,781,2013.0,9.0,28.0,Saturday
2016-05-04,782,2016.0,5.0,4.0,Wednesday
2017-10-28,783,2017.0,10.0,28.0,Saturday
2018-05-01,784,2018.0,5.0,1.0,Tuesday
2019-02-04,785,2019.0,2.0,4.0,Monday
2018-09-23,786,2018.0,9.0,23.0,Sunday
2016-06-29,787,2016.0,6.0,29.0,Wednesday
2017-07-19,788,2017.0,7.0,19.0,Wednesday
2016-12-13,789,2016.0,12.0,13.0,Tuesday
2016-09-21,790,2016.0,9.0,21.0,Wednesday
2014-09-01,791,2014.0,9.0,1.0,Monday
2018-11-07,792,2018.0,11.0,7.0,Wednesday
2017-05-04,793,2017.0,5.0,4.0,Thursday
2013-09-16,794,2013.0,9.0,16.0,Monday
2016-09-24,795,2016.0,9.0,24.0,Saturday
2018-02-18,796,2018.0,2.0,18.0,Sunday
2015-09-04,797,2015.0,9.0,4.0,Friday
2017-03-31,798,2017.0,3.0,31.0,Friday
2019-02-18,799,2019.0,2.0,18.0,Monday
2019-02-22,800,2019.0,2.0,22.0,Friday
2014-04-02,801,2014.0,4.0,2.0,Wednesday
2018-05-30,802,2018.0,5.0,30.0,Wednesday
2016-07-09,803,2016.0,7.0,9.0,Saturday
2015-12-01,804,2015.0,12.0,1.0,Tuesday
2014-01-05,805,2014.0,1.0,5.0,Sunday
2015-03-18,806,2015.0,3.0,18.0,Wednesday
2014-02-03,807,2014.0,2.0,3.0,Monday
2017-09-06,808,2017.0,9.0,6.0,Wednesday
2014-04-23,809,2014.0,4.0,23.0,Wednesday
2015-12-23,810,2015.0,12.0,23.0,Wednesday
2017-04-15,811,2017.0,4.0,15.0,Saturday
2017-05-11,812,2017.0,5.0,11.0,Thursday
2014-07-21,813,2014.0,7.0,21.0,Monday
2019-01-30,814,2019.0,1.0,30.0,Wednesday
2018-03-07,815,2018.0,3.0,7.0,Wednesday
2017-11-25,816,2017.0,11.0,25.0,Saturday
2014-08-10,817,2014.0,8.0,10.0,Sunday
2015-06-01,818,2015.0,6.0,1.0,Monday
2016-10-01,819,2016.0,10.0,1.0,Saturday
2019-04-09,820,2019.0,4.0,9.0,Tuesday
2019-01-24,821,2019.0,1.0,24.0,Thursday
2019-02-07,822,2019.0,2.0,7.0,Thursday
2017-09-22,823,2017.0,9.0,22.0,Friday
2018-11-18,824,2018.0,11.0,18.0,Sunday
2016-07-12,825,2016.0,7.0,12.0,Tuesday
2016-08-05,826,2016.0,8.0,5.0,Friday
2017-09-04,827,2017.0,9.0,4.0,Monday
2016-04-11,828,2016.0,4.0,11.0,Monday
2015-11-21,829,2015.0,11.0,21.0,Saturday
2017-01-07,830,2017.0,1.0,7.0,Saturday
2017-12-04,831,2017.0,12.0,4.0,Monday
2016-10-18,832,2016.0,10.0,18.0,Tuesday
2017-12-17,833,2017.0,12.0,17.0,Sunday
2016-10-31,834,2016.0,10.0,31.0,Monday
2015-09-10,835,2015.0,9.0,10.0,Thursday
2014-09-28,836,2014.0,9.0,28.0,Sunday
2016-06-13,837,2016.0,6.0,13.0,Monday
2018-08-01,838,2018.0,8.0,1.0,Wednesday
2018-07-19,839,2018.0,7.0,19.0,Thursday
2017-06-11,840,2017.0,6.0,11.0,Sunday
2014-10-19,841,2014.0,10.0,19.0,Sunday
2014-02-01,842,2014.0,2.0,1.0,Saturday
2018-08-28,843,2018.0,8.0,28.0,Tuesday
2017-10-23,844,2017.0,10.0,23.0,Monday
2016-02-12,845,2016.0,2.0,12.0,Friday
2016-07-29,846,2016.0,7.0,29.0,Friday
2018-04-08,847,2018.0,4.0,8.0,Sunday
2016-07-03,848,2016.0,7.0,3.0,Sunday
2015-02-06,849,2015.0,2.0,6.0,Friday
2016-03-08,850,2016.0,3.0,8.0,Tuesday
2015-12-11,851,2015.0,12.0,11.0,Friday
2016-09-11,852,2016.0,9.0,11.0,Sunday
2016-06-05,853,2016.0,6.0,5.0,Sunday
2016-09-07,854,2016.0,9.0,7.0,Wednesday
2015-07-13,855,2015.0,7.0,13.0,Monday
2018-04-29,856,2018.0,4.0,29.0,Sunday
2016-03-13,857,2016.0,3.0,13.0,Sunday
2016-02-20,858,2016.0,2.0,20.0,Saturday
2019-02-26,859,2019.0,2.0,26.0,Tuesday
2018-03-16,860,2018.0,3.0,16.0,Friday
2017-06-06,861,2017.0,6.0,6.0,Tuesday
2017-10-24,862,2017.0,10.0,24.0,Tuesday
2013-12-15,863,2013.0,12.0,15.0,Sunday
2016-05-06,864,2016.0,5.0,6.0,Friday
2018-08-08,865,2018.0,8.0,8.0,Wednesday
2018-11-11,866,2018.0,11.0,11.0,Sunday
2015-03-23,867,2015.0,3.0,23.0,Monday
2014-10-14,868,2014.0,10.0,14.0,Tuesday
2015-10-26,869,2015.0,10.0,26.0,Monday
2016-02-27,870,2016.0,2.0,27.0,Saturday
2017-05-06,871,2017.0,5.0,6.0,Saturday
2017-01-15,872,2017.0,1.0,15.0,Sunday
2016-10-04,873,2016.0,10.0,4.0,Tuesday
2015-09-06,874,2015.0,9.0,6.0,Sunday
2014-06-21,875,2014.0,6.0,21.0,Saturday
2016-06-26,876,2016.0,6.0,26.0,Sunday
2014-11-01,877,2014.0,11.0,1.0,Saturday
2016-08-16,878,2016.0,8.0,16.0,Tuesday
2015-10-14,879,2015.0,10.0,14.0,Wednesday
2015-12-17,880,2015.0,12.0,17.0,Thursday
2014-08-03,881,2014.0,8.0,3.0,Sunday
2018-12-06,882,2018.0,12.0,6.0,Thursday
2016-08-06,883,2016.0,8.0,6.0,Saturday
2016-06-20,884,2016.0,6.0,20.0,Monday
2015-07-25,885,2015.0,7.0,25.0,Saturday
2014-12-19,886,2014.0,12.0,19.0,Friday
2018-11-23,887,2018.0,11.0,23.0,Friday
2018-06-01,888,2018.0,6.0,1.0,Friday
2016-04-04,889,2016.0,4.0,4.0,Monday
2016-09-25,890,2016.0,9.0,25.0,Sunday
2016-11-14,891,2016.0,11.0,14.0,Monday
2015-08-20,892,2015.0,8.0,20.0,Thursday
2014-09-30,893,2014.0,9.0,30.0,Tuesday
2018-05-04,894,2018.0,5.0,4.0,Friday
2014-01-02,895,2014.0,1.0,2.0,Thursday
2015-05-08,896,2015.0,5.0,8.0,Friday
2016-03-25,897,2016.0,3.0,25.0,Friday
2014-08-01,898,2014.0,8.0,1.0,Friday
2016-09-22,899,2016.0,9.0,22.0,Thursday
2016-01-15,900,2016.0,1.0,15.0,Friday
2018-01-08,901,2018.0,1.0,8.0,Monday
2016-10-10,902,2016.0,10.0,10.0,Monday
2016-06-11,903,2016.0,6.0,11.0,Saturday
2016-01-06,904,2016.0,1.0,6.0,Wednesday
2016-04-09,905,2016.0,4.0,9.0,Saturday
2018-05-31,906,2018.0,5.0,31.0,Thursday
2015-07-23,907,2015.0,7.0,23.0,Thursday
2019-03-14,908,2019.0,3.0,14.0,Thursday
2016-06-07,909,2016.0,6.0,7.0,Tuesday
2019-01-22,910,2019.0,1.0,22.0,Tuesday
2014-01-03,911,2014.0,1.0,3.0,Friday
2016-08-28,912,2016.0,8.0,28.0,Sunday
2016-09-06,913,2016.0,9.0,6.0,Tuesday
2014-09-07,914,2014.0,9.0,7.0,Sunday
2013-12-14,915,2013.0,12.0,14.0,Saturday
2014-08-19,916,2014.0,8.0,19.0,Tuesday
2018-07-13,917,2018.0,7.0,13.0,Friday
2017-07-25,918,2017.0,7.0,25.0,Tuesday
2015-05-30,919,2015.0,5.0,30.0,Saturday
2018-07-17,920,2018.0,7.0,17.0,Tuesday
2016-12-30,921,2016.0,12.0,30.0,Friday
2016-03-20,922,2016.0,3.0,20.0,Sunday
2017-02-20,923,2017.0,2.0,20.0,Monday
2016-06-01,924,2016.0,6.0,1.0,Wednesday
2017-09-20,925,2017.0,9.0,20.0,Wednesday
2018-02-28,926,2018.0,2.0,28.0,Wednesday
2018-07-25,927,2018.0,7.0,25.0,Wednesday
2015-05-19,928,2015.0,5.0,19.0,Tuesday
2017-08-30,929,2017.0,8.0,30.0,Wednesday
2015-12-14,930,2015.0,12.0,14.0,Monday
2018-01-23,931,2018.0,1.0,23.0,Tuesday
2017-12-21,932,2017.0,12.0,21.0,Thursday
2014-11-30,933,2014.0,11.0,30.0,Sunday
2015-06-22,934,2015.0,6.0,22.0,Monday
2017-04-07,935,2017.0,4.0,7.0,Friday
2014-06-02,936,2014.0,6.0,2.0,Monday
2017-03-08,937,2017.0,3.0,8.0,Wednesday
2017-01-29,938,2017.0,1.0,29.0,Sunday
2018-01-05,939,2018.0,1.0,5.0,Friday
2015-04-21,940,2015.0,4.0,21.0,Tuesday
2015-02-17,941,2015.0,2.0,17.0,Tuesday
2016-11-05,942,2016.0,11.0,5.0,Saturday
2016-12-22,943,2016.0,12.0,22.0,Thursday
2018-06-27,944,2018.0,6.0,27.0,Wednesday
2018-09-28,945,2018.0,9.0,28.0,Friday
2016-11-21,946,2016.0,11.0,21.0,Monday
2015-12-06,947,2015.0,12.0,6.0,Sunday
2018-03-10,948,2018.0,3.0,10.0,Saturday
2016-05-15,949,2016.0,5.0,15.0,Sunday
2014-01-04,950,2014.0,1.0,4.0,Saturday
2015-08-04,951,2015.0,8.0,4.0,Tuesday
2017-06-26,952,2017.0,6.0,26.0,Monday
2016-08-25,953,2016.0,8.0,25.0,Thursday
2018-04-23,954,2018.0,4.0,23.0,Monday
2017-05-23,955,2017.0,5.0,23.0,Tuesday
2017-12-25,956,2017.0,12.0,25.0,Monday
2019-02-09,957,2019.0,2.0,9.0,Saturday
2014-09-29,958,2014.0,9.0,29.0,Monday
2016-04-07,959,2016.0,4.0,7.0,Thursday
2014-09-14,960,2014.0,9.0,14.0,Sunday
2016-07-31,961,2016.0,7.0,31.0,Sunday
2018-07-29,962,2018.0,7.0,29.0,Sunday
2015-06-08,963,2015.0,6.0,8.0,Monday
2014-04-21,964,2014.0,4.0,21.0,Monday
2018-01-06,965,2018.0,1.0,6.0,Saturday
2016-02-24,966,2016.0,2.0,24.0,Wednesday
2014-06-26,967,2014.0,6.0,26.0,Thursday
2014-08-20,968,2014.0,8.0,20.0,Wednesday
2016-03-29,969,2016.0,3.0,29.0,Tuesday
2014-08-24,970,2014.0,8.0,24.0,Sunday
2014-08-18,971,2014.0,8.0,18.0,Monday
2018-07-14,972,2018.0,7.0,14.0,Saturday
2016-11-27,973,2016.0,11.0,27.0,Sunday
2015-06-21,974,2015.0,6.0,21.0,Sunday
2015-11-19,975,2015.0,11.0,19.0,Thursday
2015-12-27,976,2015.0,12.0,27.0,Sunday
2016-06-15,977,2016.0,6.0,15.0,Wednesday
2018-08-11,978,2018.0,8.0,11.0,Saturday
2015-03-11,979,2015.0,3.0,11.0,Wednesday
2016-06-02,980,2016.0,6.0,2.0,Thursday
2015-02-22,981,2015.0,2.0,22.0,Sunday
2019-03-05,982,2019.0,3.0,5.0,Tuesday
2018-09-17,983,2018.0,9.0,17.0,Monday
2015-05-04,984,2015.0,5.0,4.0,Monday
2017-10-22,985,2017.0,10.0,22.0,Sunday
2015-10-20,986,2015.0,10.0,20.0,Tuesday
2018-07-21,987,2018.0,7.0,21.0,Saturday
2016-01-12,988,2016.0,1.0,12.0,Tuesday
2017-09-15,989,2017.0,9.0,15.0,Friday
2016-07-11,990,2016.0,7.0,11.0,Monday
2018-04-24,991,2018.0,4.0,24.0,Tuesday
2017-03-13,992,2017.0,3.0,13.0,Monday
2015-07-22,993,2015.0,7.0,22.0,Wednesday
2016-05-26,994,2016.0,5.0,26.0,Thursday
2018-04-14,995,2018.0,4.0,14.0,Saturday
2016-07-28,996,2016.0,7.0,28.0,Thursday
2015-05-10,997,2015.0,5.0,10.0,Sunday
2017-11-06,998,2017.0,11.0,6.0,Monday
2015-04-30,999,2015.0,4.0,30.0,Thursday
2016-09-12,1000,2016.0,9.0,12.0,Monday
2017-10-31,1001,2017.0,10.0,31.0,Tuesday
2017-02-07,1002,2017.0,2.0,7.0,Tuesday
2017-10-30,1003,2017.0,10.0,30.0,Monday
2018-04-22,1004,2018.0,4.0,22.0,Sunday
2015-04-06,1005,2015.0,4.0,6.0,Monday
2017-12-18,1006,2017.0,12.0,18.0,Monday
2018-11-29,1007,2018.0,11.0,29.0,Thursday
2014-04-11,1008,2014.0,4.0,11.0,Friday
2014-08-28,1009,2014.0,8.0,28.0,Thursday
2016-02-21,1010,2016.0,2.0,21.0,Sunday
2017-12-01,1011,2017.0,12.0,1.0,Friday
2014-05-02,1012,2014.0,5.0,2.0,Friday
2018-06-20,1013,2018.0,6.0,20.0,Wednesday
2015-08-18,1014,2015.0,8.0,18.0,Tuesday
2016-07-16,1015,2016.0,7.0,16.0,Saturday
2018-03-28,1016,2018.0,3.0,28.0,Wednesday
2017-10-01,1017,2017.0,10.0,1.0,Sunday
2017-03-05,1018,2017.0,3.0,5.0,Sunday
2014-03-28,1019,2014.0,3.0,28.0,Friday
2014-04-24,1020,2014.0,4.0,24.0,Thursday
2019-01-09,1021,2019.0,1.0,9.0,Wednesday
2016-10-13,1022,2016.0,10.0,13.0,Thursday
2016-12-12,1023,2016.0,12.0,12.0,Monday
2016-05-30,1024,2016.0,5.0,30.0,Monday
2016-08-13,1025,2016.0,8.0,13.0,Saturday
2015-11-06,1026,2015.0,11.0,6.0,Friday
2017-11-12,1027,2017.0,11.0,12.0,Sunday
2016-01-08,1028,2016.0,1.0,8.0,Friday
2016-04-30,1029,2016.0,4.0,30.0,Saturday
2015-02-25,1030,2015.0,2.0,25.0,Wednesday
2014-08-07,1031,2014.0,8.0,7.0,Thursday
2018-09-09,1032,2018.0,9.0,9.0,Sunday
2015-04-14,1033,2015.0,4.0,14.0,Tuesday
2017-11-14,1034,2017.0,11.0,14.0,Tuesday
2014-10-13,1035,2014.0,10.0,13.0,Monday
2014-05-05,1036,2014.0,5.0,5.0,Monday
2014-04-17,1037,2014.0,4.0,17.0,Thursday
2016-12-11,1038,2016.0,12.0,11.0,Sunday
2014-05-29,1039,2014.0,5.0,29.0,Thursday
2016-03-23,1040,2016.0,3.0,23.0,Wednesday
2016-10-27,1041,2016.0,10.0,27.0,Thursday
2018-05-25,1042,2018.0,5.0,25.0,Friday
2018-06-08,1043,2018.0,6.0,8.0,Friday
2018-01-15,1044,2018.0,1.0,15.0,Monday
2014-04-19,1045,2014.0,4.0,19.0,Saturday
2015-04-26,1046,2015.0,4.0,26.0,Sunday
2017-04-28,1047,2017.0,4.0,28.0,Friday
2018-02-22,1048,2018.0,2.0,22.0,Thursday
2014-10-04,1049,2014.0,10.0,4.0,Saturday
2015-09-05,1050,2015.0,9.0,5.0,Saturday
2016-05-22,1051,2016.0,5.0,22.0,Sunday
2017-11-24,1052,2017.0,11.0,24.0,Friday
2015-04-25,1053,2015.0,4.0,25.0,Saturday
2017-11-11,1054,2017.0,11.0,11.0,Saturday
2014-07-15,1055,2014.0,7.0,15.0,Tuesday
2015-11-15,1056,2015.0,11.0,15.0,Sunday
2015-08-12,1057,2015.0,8.0,12.0,Wednesday
2015-05-01,1058,2015.0,5.0,1.0,Friday
2017-08-31,1059,2017.0,8.0,31.0,Thursday
2015-12-25,1060,2015.0,12.0,25.0,Friday
2018-07-18,1061,2018.0,7.0,18.0,Wednesday
2015-04-22,1062,2015.0,4.0,22.0,Wednesday
2015-10-21,1063,2015.0,10.0,21.0,Wednesday
2015-07-28,1064,2015.0,7.0,28.0,Tuesday
2018-04-27,1065,2018.0,4.0,27.0,Friday
2014-06-13,1066,2014.0,6.0,13.0,Friday
2015-10-16,1067,2015.0,10.0,16.0,Friday
2016-03-24,1068,2016.0,3.0,24.0,Thursday
2017-04-20,1069,2017.0,4.0,20.0,Thursday
2016-12-19,1070,2016.0,12.0,19.0,Monday
2016-09-15,1071,2016.0,9.0,15.0,Thursday
2017-04-23,1072,2017.0,4.0,23.0,Sunday
2015-06-18,1073,2015.0,6.0,18.0,Thursday
2017-02-04,1074,2017.0,2.0,4.0,Saturday
2014-06-14,1075,2014.0,6.0,14.0,Saturday
2015-02-21,1076,2015.0,2.0,21.0,Saturday
2018-05-15,1077,2018.0,5.0,15.0,Tuesday
2014-08-25,1078,2014.0,8.0,25.0,Monday
2018-06-15,1079,2018.0,6.0,15.0,Friday
2017-10-20,1080,2017.0,10.0,20.0,Friday
2016-11-29,1081,2016.0,11.0,29.0,Tuesday
2015-04-02,1082,2015.0,4.0,2.0,Thursday
2015-08-11,1083,2015.0,8.0,11.0,Tuesday
2015-06-30,1084,2015.0,6.0,30.0,Tuesday
2016-08-31,1085,2016.0,8.0,31.0,Wednesday
2018-10-04,1086,2018.0,10.0,4.0,Thursday
2014-08-17,1087,2014.0,8.0,17.0,Sunday
2016-10-28,1088,2016.0,10.0,28.0,Friday
2015-07-31,1089,2015.0,7.0,31.0,Friday
2015-11-12,1090,2015.0,11.0,12.0,Thursday
2018-06-02,1091,2018.0,6.0,2.0,Saturday
2016-10-20,1092,2016.0,10.0,20.0,Thursday
2017-04-22,1093,2017.0,4.0,22.0,Saturday
2014-08-15,1094,2014.0,8.0,15.0,Friday
2014-07-10,1095,2014.0,7.0,10.0,Thursday
2014-12-22,1096,2014.0,12.0,22.0,Monday
2017-08-07,1097,2017.0,8.0,7.0,Monday
2016-12-06,1098,2016.0,12.0,6.0,Tuesday
2015-10-17,1099,2015.0,10.0,17.0,Saturday
2014-05-24,1100,2014.0,5.0,24.0,Saturday
2015-06-19,1101,2015.0,6.0,19.0,Friday
2016-09-29,1102,2016.0,9.0,29.0,Thursday
2016-03-09,1103,2016.0,3.0,9.0,Wednesday
2018-06-21,1104,2018.0,6.0,21.0,Thursday
2017-09-23,1105,2017.0,9.0,23.0,Saturday
2014-09-27,1106,2014.0,9.0,27.0,Saturday
2015-01-11,1107,2015.0,1.0,11.0,Sunday
2015-02-12,1108,2015.0,2.0,12.0,Thursday
2016-07-26,1109,2016.0,7.0,26.0,Tuesday
2018-05-17,1110,2018.0,5.0,17.0,Thursday
2016-10-24,1111,2016.0,10.0,24.0,Monday
2018-03-23,1112,2018.0,3.0,23.0,Friday
2014-09-17,1113,2014.0,9.0,17.0,Wednesday
2018-03-03,1114,2018.0,3.0,3.0,Saturday
2017-05-09,1115,2017.0,5.0,9.0,Tuesday
2017-03-02,1116,2017.0,3.0,2.0,Thursday
2015-07-11,1117,2015.0,7.0,11.0,Saturday
2017-09-02,1118,2017.0,9.0,2.0,Saturday
2015-01-12,1119,2015.0,1.0,12.0,Monday
2019-02-24,1120,2019.0,2.0,24.0,Sunday
2019-03-18,1121,2019.0,3.0,18.0,Monday
2016-12-16,1122,2016.0,12.0,16.0,Friday
2017-09-11,1123,2017.0,9.0,11.0,Monday
2018-11-15,1124,2018.0,11.0,15.0,Thursday
2018-12-24,1125,2018.0,12.0,24.0,Monday
2016-08-14,1126,2016.0,8.0,14.0,Sunday
2017-09-03,1127,2017.0,9.0,3.0,Sunday
2015-06-06,1128,2015.0,6.0,6.0,Saturday
2016-07-30,1129,2016.0,7.0,30.0,Saturday
2018-02-27,1130,2018.0,2.0,27.0,Tuesday
2017-10-29,1131,2017.0,10.0,29.0,Sunday
2016-06-30,1132,2016.0,6.0,30.0,Thursday
2015-08-03,1133,2015.0,8.0,3.0,Monday
2016-10-06,1134,2016.0,10.0,6.0,Thursday
2018-04-05,1135,2018.0,4.0,5.0,Thursday
2015-09-14,1136,2015.0,9.0,14.0,Monday
2017-03-04,1137,2017.0,3.0,4.0,Saturday
2017-01-09,1138,2017.0,1.0,9.0,Monday
2016-04-17,1139,2016.0,4.0,17.0,Sunday
2015-01-30,1140,2015.0,1.0,30.0,Friday
2018-03-20,1141,2018.0,3.0,20.0,Tuesday
2015-09-15,1142,2015.0,9.0,15.0,Tuesday
2017-11-30,1143,2017.0,11.0,30.0,Thursday
2018-07-15,1144,2018.0,7.0,15.0,Sunday
2016-12-01,1145,2016.0,12.0,1.0,Thursday
2018-08-13,1146,2018.0,8.0,13.0,Monday
2015-12-09,1147,2015.0,12.0,9.0,Wednesday
2014-10-24,1148,2014.0,10.0,24.0,Friday
2016-11-10,1149,2016.0,11.0,10.0,Thursday
2016-09-09,1150,2016.0,9.0,9.0,Friday
2019-04-05,1151,2019.0,4.0,5.0,Friday
2014-08-09,1152,2014.0,8.0,9.0,Saturday
2015-09-24,1153,2015.0,9.0,24.0,Thursday
2014-07-28,1154,2014.0,7.0,28.0,Monday
2018-05-24,1155,2018.0,5.0,24.0,Thursday
2016-06-21,1156,2016.0,6.0,21.0,Tuesday
2014-11-02,1157,2014.0,11.0,2.0,Sunday
2016-11-22,1158,2016.0,11.0,22.0,Tuesday
2014-12-30,1159,2014.0,12.0,30.0,Tuesday
2014-08-05,1160,2014.0,8.0,5.0,Tuesday
2014-07-11,1161,2014.0,7.0,11.0,Friday
2016-03-19,1162,2016.0,3.0,19.0,Saturday
2015-06-05,1163,2015.0,6.0,5.0,Friday
2017-10-09,1164,2017.0,10.0,9.0,Monday
2016-05-11,1165,2016.0,5.0,11.0,Wednesday
2016-01-17,1166,2016.0,1.0,17.0,Sunday
2017-03-10,1167,2017.0,3.0,10.0,Friday
2018-08-06,1168,2018.0,8.0,6.0,Monday
2016-03-22,1169,2016.0,3.0,22.0,Tuesday
2016-11-01,1170,2016.0,11.0,1.0,Tuesday
2016-05-19,1171,2016.0,5.0,19.0,Thursday
2016-06-24,1172,2016.0,6.0,24.0,Friday
2015-07-26,1173,2015.0,7.0,26.0,Sunday
2016-08-02,1174,2016.0,8.0,2.0,Tuesday
2017-04-26,1175,2017.0,4.0,26.0,Wednesday
2017-07-04,1176,2017.0,7.0,4.0,Tuesday
2016-04-29,1177,2016.0,4.0,29.0,Friday
2014-09-20,1178,2014.0,9.0,20.0,Saturday
2018-11-21,1179,2018.0,11.0,21.0,Wednesday
2016-01-25,1180,2016.0,1.0,25.0,Monday
2014-08-27,1181,2014.0,8.0,27.0,Wednesday
2016-02-22,1182,2016.0,2.0,22.0,Monday
2018-03-15,1183,2018.0,3.0,15.0,Thursday
2015-01-04,1184,2015.0,1.0,4.0,Sunday
2016-06-17,1185,2016.0,6.0,17.0,Friday
2019-02-02,1186,2019.0,2.0,2.0,Saturday
2017-01-04,1187,2017.0,1.0,4.0,Wednesday
2016-08-08,1188,2016.0,8.0,8.0,Monday
2015-11-07,1189,2015.0,11.0,7.0,Saturday
2015-08-21,1190,2015.0,8.0,21.0,Friday
2015-11-04,1191,2015.0,11.0,4.0,Wednesday
2017-05-15,1192,2017.0,5.0,15.0,Monday
2014-09-15,1193,2014.0,9.0,15.0,Monday
2014-10-22,1194,2014.0,10.0,22.0,Wednesday
2015-06-17,1195,2015.0,6.0,17.0,Wednesday
2016-09-13,1196,2016.0,9.0,13.0,Tuesday
2017-09-19,1197,2017.0,9.0,19.0,Tuesday
2016-09-10,1198,2016.0,9.0,10.0,Saturday
2016-01-16,1199,2016.0,1.0,16.0,Saturday
2018-12-23,1200,2018.0,12.0,23.0,Sunday
2016-09-17,1201,2016.0,9.0,17.0,Saturday
2016-04-08,1202,2016.0,4.0,8.0,Friday
2018-11-20,1203,2018.0,11.0,20.0,Tuesday
2015-05-07,1204,2015.0,5.0,7.0,Thursday
2014-08-16,1205,2014.0,8.0,16.0,Saturday
2016-05-27,1206,2016.0,5.0,27.0,Friday
2017-05-13,1207,2017.0,5.0,13.0,Saturday
2016-06-19,1208,2016.0,6.0,19.0,Sunday
2018-05-27,1209,2018.0,5.0,27.0,Sunday
2016-10-25,1210,2016.0,10.0,25.0,Tuesday
2014-08-30,1211,2014.0,8.0,30.0,Saturday
2018-02-01,1212,2018.0,2.0,1.0,Thursday
2017-04-27,1213,2017.0,4.0,27.0,Thursday
2015-09-16,1214,2015.0,9.0,16.0,Wednesday
2017-07-06,1215,2017.0,7.0,6.0,Thursday
2016-05-10,1216,2016.0,5.0,10.0,Tuesday
2015-06-24,1217,2015.0,6.0,24.0,Wednesday
2015-07-15,1218,2015.0,7.0,15.0,Wednesday
2015-09-13,1219,2015.0,9.0,13.0,Sunday
2015-09-19,1220,2015.0,9.0,19.0,Saturday
2017-07-16,1221,2017.0,7.0,16.0,Sunday
2017-09-14,1222,2017.0,9.0,14.0,Thursday
2017-07-28,1223,2017.0,7.0,28.0,Friday
2014-12-08,1224,2014.0,12.0,8.0,Monday
2015-09-29,1225,2015.0,9.0,29.0,Tuesday
2017-02-10,1226,2017.0,2.0,10.0,Friday
2014-10-17,1227,2014.0,10.0,17.0,Friday
2018-11-05,1228,2018.0,11.0,5.0,Monday
2014-09-18,1229,2014.0,9.0,18.0,Thursday
2018-10-01,1230,2018.0,10.0,1.0,Monday
2017-03-26,1231,2017.0,3.0,26.0,Sunday
2018-02-11,1232,2018.0,2.0,11.0,Sunday
2017-08-24,1233,2017.0,8.0,24.0,Thursday
2015-05-26,1234,2015.0,5.0,26.0,Tuesday
2014-10-08,1235,2014.0,10.0,8.0,Wednesday
2015-04-07,1236,2015.0,4.0,7.0,Tuesday
2015-12-03,1237,2015.0,12.0,3.0,Thursday
2015-10-30,1238,2015.0,10.0,30.0,Friday
2017-06-23,1239,2017.0,6.0,23.0,Friday
2014-09-25,1240,2014.0,9.0,25.0,Thursday
2014-09-21,1241,2014.0,9.0,21.0,Sunday
2017-11-02,1242,2017.0,11.0,2.0,Thursday
2016-04-05,1243,2016.0,4.0,5.0,Tuesday
2017-05-12,1244,2017.0,5.0,12.0,Friday
2016-04-02,1245,2016.0,4.0,2.0,Saturday
2016-10-05,1246,2016.0,10.0,5.0,Wednesday
2015-06-07,1247,2015.0,6.0,7.0,Sunday
2015-05-24,1248,2015.0,5.0,24.0,Sunday
2016-09-20,1249,2016.0,9.0,20.0,Tuesday
2017-12-27,1250,2017.0,12.0,27.0,Wednesday
2015-01-15,1251,2015.0,1.0,15.0,Thursday
2018-03-30,1252,2018.0,3.0,30.0,Friday
2019-03-06,1253,2019.0,3.0,6.0,Wednesday
2015-07-10,1254,2015.0,7.0,10.0,Friday
2014-09-23,1255,2014.0,9.0,23.0,Tuesday
2016-05-03,1256,2016.0,5.0,3.0,Tuesday
2018-08-04,1257,2018.0,8.0,4.0,Saturday
2017-02-01,1258,2017.0,2.0,1.0,Wednesday
2014-11-28,1259,2014.0,11.0,28.0,Friday
2017-08-05,1260,2017.0,8.0,5.0,Saturday
2016-07-02,1261,2016.0,7.0,2.0,Saturday
2015-05-05,1262,2015.0,5.0,5.0,Tuesday
2016-04-15,1263,2016.0,4.0,15.0,Friday
2016-01-21,1264,2016.0,1.0,21.0,Thursday
2014-10-27,1265,2014.0,10.0,27.0,Monday
2014-11-09,1266,2014.0,11.0,9.0,Sunday
2016-04-19,1267,2016.0,4.0,19.0,Tuesday
2015-05-03,1268,2015.0,5.0,3.0,Sunday
2016-07-07,1269,2016.0,7.0,7.0,Thursday
2014-12-27,1270,2014.0,12.0,27.0,Saturday
2015-11-27,1271,2015.0,11.0,27.0,Friday
2014-10-11,1272,2014.0,10.0,11.0,Saturday
2018-01-26,1273,2018.0,1.0,26.0,Friday
2015-06-10,1274,2015.0,6.0,10.0,Wednesday
2018-06-18,1275,2018.0,6.0,18.0,Monday
2016-11-28,1276,2016.0,11.0,28.0,Monday
2016-05-17,1277,2016.0,5.0,17.0,Tuesday
2017-04-12,1278,2017.0,4.0,12.0,Wednesday
2019-01-17,1279,2019.0,1.0,17.0,Thursday
2016-06-22,1280,2016.0,6.0,22.0,Wednesday
2018-12-14,1281,2018.0,12.0,14.0,Friday
2014-11-14,1282,2014.0,11.0,14.0,Friday
2015-03-27,1283,2015.0,3.0,27.0,Friday
2016-11-17,1284,2016.0,11.0,17.0,Thursday
2015-11-28,1285,2015.0,11.0,28.0,Saturday
2017-11-22,1286,2017.0,11.0,22.0,Wednesday
2015-10-25,1287,2015.0,10.0,25.0,Sunday
2014-11-04,1288,2014.0,11.0,4.0,Tuesday
2014-11-15,1289,2014.0,11.0,15.0,Saturday
2015-08-10,1290,2015.0,8.0,10.0,Monday
2016-03-16,1291,2016.0,3.0,16.0,Wednesday
2016-08-24,1292,2016.0,8.0,24.0,Wednesday
2018-02-10,1293,2018.0,2.0,10.0,Saturday
2016-04-12,1294,2016.0,4.0,12.0,Tuesday
2018-12-25,1295,2018.0,12.0,25.0,Tuesday
2016-09-08,1296,2016.0,9.0,8.0,Thursday
2017-11-19,1297,2017.0,11.0,19.0,Sunday
2016-06-04,1298,2016.0,6.0,4.0,Saturday
2016-07-08,1299,2016.0,7.0,8.0,Friday
2016-06-12,1300,2016.0,6.0,12.0,Sunday
2017-01-06,1301,2017.0,1.0,6.0,Friday
2015-01-06,1302,2015.0,1.0,6.0,Tuesday
2017-06-27,1303,2017.0,6.0,27.0,Tuesday
2016-07-14,1304,2016.0,7.0,14.0,Thursday
2018-05-12,1305,2018.0,5.0,12.0,Saturday
2018-04-11,1306,2018.0,4.0,11.0,Wednesday
2016-11-23,1307,2016.0,11.0,23.0,Wednesday
2015-10-22,1308,2015.0,10.0,22.0,Thursday
2018-07-10,1309,2018.0,7.0,10.0,Tuesday
2017-08-27,1310,2017.0,8.0,27.0,Sunday
2017-10-27,1311,2017.0,10.0,27.0,Friday
2016-04-10,1312,2016.0,4.0,10.0,Sunday
2015-08-24,1313,2015.0,8.0,24.0,Monday
2017-08-08,1314,2017.0,8.0,8.0,Tuesday
2015-06-02,1315,2015.0,6.0,2.0,Tuesday
2016-02-07,1316,2016.0,2.0,7.0,Sunday
2015-03-17,1317,2015.0,3.0,17.0,Tuesday
2016-07-19,1318,2016.0,7.0,19.0,Tuesday
2016-04-26,1319,2016.0,4.0,26.0,Tuesday
2016-03-02,1320,2016.0,3.0,2.0,Wednesday
2015-08-30,1321,2015.0,8.0,30.0,Sunday
2019-03-20,1322,2019.0,3.0,20.0,Wednesday
2017-10-16,1323,2017.0,10.0,16.0,Monday
2017-06-04,1324,2017.0,6.0,4.0,Sunday
2017-01-11,1325,2017.0,1.0,11.0,Wednesday
2018-02-14,1326,2018.0,2.0,14.0,Wednesday
2017-01-08,1327,2017.0,1.0,8.0,Sunday
2017-09-26,1328,2017.0,9.0,26.0,Tuesday
2015-02-16,1329,2015.0,2.0,16.0,Monday
2017-11-23,1330,2017.0,11.0,23.0,Thursday
2018-06-12,1331,2018.0,6.0,12.0,Tuesday
2017-07-23,1332,2017.0,7.0,23.0,Sunday
2015-08-22,1333,2015.0,8.0,22.0,Saturday
2015-02-04,1334,2015.0,2.0,4.0,Wednesday
2017-09-17,1335,2017.0,9.0,17.0,Sunday
2016-04-14,1336,2016.0,4.0,14.0,Thursday
2015-08-09,1337,2015.0,8.0,9.0,Sunday
2017-10-17,1338,2017.0,10.0,17.0,Tuesday
2018-03-14,1339,2018.0,3.0,14.0,Wednesday
2016-02-10,1340,2016.0,2.0,10.0,Wednesday
2017-06-02,1341,2017.0,6.0,2.0,Friday
2018-10-16,1342,2018.0,10.0,16.0,Tuesday
2016-02-18,1343,2016.0,2.0,18.0,Thursday
2015-09-09,1344,2015.0,9.0,9.0,Wednesday
2015-02-05,1345,2015.0,2.0,5.0,Thursday
2016-09-02,1346,2016.0,9.0,2.0,Friday
2018-04-13,1347,2018.0,4.0,13.0,Friday
2016-12-25,1348,2016.0,12.0,25.0,Sunday
2018-07-11,1349,2018.0,7.0,11.0,Wednesday
2017-01-10,1350,2017.0,1.0,10.0,Tuesday
2016-10-19,1351,2016.0,10.0,19.0,Wednesday
2015-01-10,1352,2015.0,1.0,10.0,Saturday
2017-06-25,1353,2017.0,6.0,25.0,Sunday
2016-04-13,1354,2016.0,4.0,13.0,Wednesday
2016-07-24,1355,2016.0,7.0,24.0,Sunday
2016-02-04,1356,2016.0,2.0,4.0,Thursday
2015-03-22,1357,2015.0,3.0,22.0,Sunday
2016-07-20,1358,2016.0,7.0,20.0,Wednesday
2015-07-08,1359,2015.0,7.0,8.0,Wednesday
2016-12-21,1360,2016.0,12.0,21.0,Wednesday
2015-09-18,1361,2015.0,9.0,18.0,Friday
2017-07-22,1362,2017.0,7.0,22.0,Saturday
2017-06-08,1363,2017.0,6.0,8.0,Thursday
2017-06-16,1364,2017.0,6.0,16.0,Friday
2018-07-02,1365,2018.0,7.0,2.0,Monday
2017-07-12,1366,2017.0,7.0,12.0,Wednesday
2016-05-08,1367,2016.0,5.0,8.0,Sunday
2016-06-14,1368,2016.0,6.0,14.0,Tuesday
2017-10-25,1369,2017.0,10.0,25.0,Wednesday
2018-11-24,1370,2018.0,11.0,24.0,Saturday
2015-04-01,1371,2015.0,4.0,1.0,Wednesday
2016-02-01,1372,2016.0,2.0,1.0,Monday
2017-06-17,1373,2017.0,6.0,17.0,Saturday
2017-05-10,1374,2017.0,5.0,10.0,Wednesday
2015-02-20,1375,2015.0,2.0,20.0,Friday
2017-01-17,1376,2017.0,1.0,17.0,Tuesday
2018-01-14,1377,2018.0,1.0,14.0,Sunday
2018-06-14,1378,2018.0,6.0,14.0,Thursday
2015-02-23,1379,2015.0,2.0,23.0,Monday
2015-01-18,1380,2015.0,1.0,18.0,Sunday
2018-12-18,1381,2018.0,12.0,18.0,Tuesday
2015-01-21,1382,2015.0,1.0,21.0,Wednesday
2015-11-11,1383,2015.0,11.0,11.0,Wednesday
2019-03-03,1384,2019.0,3.0,3.0,Sunday
2016-02-16,1385,2016.0,2.0,16.0,Tuesday
2015-03-05,1386,2015.0,3.0,5.0,Thursday
2016-10-23,1387,2016.0,10.0,23.0,Sunday
2017-05-17,1388,2017.0,5.0,17.0,Wednesday
2016-07-17,1389,2016.0,7.0,17.0,Sunday
2018-02-17,1390,2018.0,2.0,17.0,Saturday
2018-02-26,1391,2018.0,2.0,26.0,Monday
2015-08-27,1392,2015.0,8.0,27.0,Thursday
2018-05-20,1393,2018.0,5.0,20.0,Sunday
2015-02-28,1394,2015.0,2.0,28.0,Saturday
2015-05-16,1395,2015.0,5.0,16.0,Saturday
2016-06-08,1396,2016.0,6.0,8.0,Wednesday
2018-04-12,1397,2018.0,4.0,12.0,Thursday
2015-03-06,1398,2015.0,3.0,6.0,Friday
2015-07-09,1399,2015.0,7.0,9.0,Thursday
2018-12-13,1400,2018.0,12.0,13.0,Thursday
2015-03-10,1401,2015.0,3.0,10.0,Tuesday
2016-09-03,1402,2016.0,9.0,3.0,Saturday
2016-09-30,1403,2016.0,9.0,30.0,Friday
2015-03-14,1404,2015.0,3.0,14.0,Saturday
2018-03-08,1405,2018.0,3.0,8.0,Thursday
2015-04-24,1406,2015.0,4.0,24.0,Friday
2016-10-21,1407,2016.0,10.0,21.0,Friday
2016-12-15,1408,2016.0,12.0,15.0,Thursday
2016-08-07,1409,2016.0,8.0,7.0,Sunday
2015-03-21,1410,2015.0,3.0,21.0,Saturday
2017-02-21,1411,2017.0,2.0,21.0,Tuesday
2015-10-03,1412,2015.0,10.0,3.0,Saturday
2017-04-05,1413,2017.0,4.0,5.0,Wednesday
2017-03-25,1414,2017.0,3.0,25.0,Saturday
2015-04-09,1415,2015.0,4.0,9.0,Thursday
2018-01-20,1416,2018.0,1.0,20.0,Saturday
2016-08-01,1417,2016.0,8.0,1.0,Monday
2016-02-25,1418,2016.0,2.0,25.0,Thursday
2015-04-27,1419,2015.0,4.0,27.0,Monday
2015-11-09,1420,2015.0,11.0,9.0,Monday
2015-04-08,1421,2015.0,4.0,8.0,Wednesday
2018-05-23,1422,2018.0,5.0,23.0,Wednesday
2017-09-28,1423,2017.0,9.0,28.0,Thursday
2015-04-12,1424,2015.0,4.0,12.0,Sunday
2017-01-23,1425,2017.0,1.0,23.0,Monday
2018-10-02,1426,2018.0,10.0,2.0,Tuesday
2017-12-22,1427,2017.0,12.0,22.0,Friday
2017-06-13,1428,2017.0,6.0,13.0,Tuesday
2017-07-15,1429,2017.0,7.0,15.0,Saturday
2016-01-20,1430,2016.0,1.0,20.0,Wednesday
2017-03-01,1431,2017.0,3.0,1.0,Wednesday
2017-10-12,1432,2017.0,10.0,12.0,Thursday
2018-03-19,1433,2018.0,3.0,19.0,Monday
2018-02-19,1434,2018.0,2.0,19.0,Monday
2015-09-02,1435,2015.0,9.0,2.0,Wednesday
2017-08-16,1436,2017.0,8.0,16.0,Wednesday
2019-04-16,1437,2019.0,4.0,16.0,Tuesday
2015-12-21,1438,2015.0,12.0,21.0,Monday
2018-01-27,1439,2018.0,1.0,27.0,Saturday
2015-12-05,1440,2015.0,12.0,5.0,Saturday
2015-05-22,1441,2015.0,5.0,22.0,Friday
2015-05-13,1442,2015.0,5.0,13.0,Wednesday
2015-06-11,1443,2015.0,6.0,11.0,Thursday
2017-09-08,1444,2017.0,9.0,8.0,Friday
2018-04-18,1445,2018.0,4.0,18.0,Wednesday
2016-01-31,1446,2016.0,1.0,31.0,Sunday
2016-07-21,1447,2016.0,7.0,21.0,Thursday
2018-11-08,1448,2018.0,11.0,8.0,Thursday
2015-06-20,1449,2015.0,6.0,20.0,Saturday
2015-07-02,1450,2015.0,7.0,2.0,Thursday
2017-01-14,1451,2017.0,1.0,14.0,Saturday
2015-08-26,1452,2015.0,8.0,26.0,Wednesday
2015-12-16,1453,2015.0,12.0,16.0,Wednesday
2015-05-06,1454,2015.0,5.0,6.0,Wednesday
2019-02-25,1455,2019.0,2.0,25.0,Monday
2019-03-26,1456,2019.0,3.0,26.0,Tuesday
2016-04-03,1457,2016.0,4.0,3.0,Sunday
2017-05-27,1458,2017.0,5.0,27.0,Saturday
2015-08-14,1459,2015.0,8.0,14.0,Friday
2015-06-29,1460,2015.0,6.0,29.0,Monday
2015-06-27,1461,2015.0,6.0,27.0,Saturday
2018-06-17,1462,2018.0,6.0,17.0,Sunday
2017-01-19,1463,2017.0,1.0,19.0,Thursday
2016-05-13,1464,2016.0,5.0,13.0,Friday
2017-04-10,1465,2017.0,4.0,10.0,Monday
2017-07-14,1466,2017.0,7.0,14.0,Friday
2015-05-29,1467,2015.0,5.0,29.0,Friday
2015-05-18,1468,2015.0,5.0,18.0,Monday
2016-06-18,1469,2016.0,6.0,18.0,Saturday
2015-07-05,1470,2015.0,7.0,5.0,Sunday
2016-08-10,1471,2016.0,8.0,10.0,Wednesday
2018-01-18,1472,2018.0,1.0,18.0,Thursday
2017-04-06,1473,2017.0,4.0,6.0,Thursday
2016-03-28,1474,2016.0,3.0,28.0,Monday
2015-07-30,1475,2015.0,7.0,30.0,Thursday
2017-02-28,1476,2017.0,2.0,28.0,Tuesday
2015-06-13,1477,2015.0,6.0,13.0,Saturday
2015-06-16,1478,2015.0,6.0,16.0,Tuesday
2015-07-18,1479,2015.0,7.0,18.0,Saturday
2018-04-16,1480,2018.0,4.0,16.0,Monday
2017-06-15,1481,2017.0,6.0,15.0,Thursday
2019-02-10,1482,2019.0,2.0,10.0,Sunday
2017-08-04,1483,2017.0,8.0,4.0,Friday
2018-03-04,1484,2018.0,3.0,4.0,Sunday
2017-09-18,1485,2017.0,9.0,18.0,Monday
2016-11-16,1486,2016.0,11.0,16.0,Wednesday
2016-12-10,1487,2016.0,12.0,10.0,Saturday
2018-06-16,1488,2018.0,6.0,16.0,Saturday
2016-06-03,1489,2016.0,6.0,3.0,Friday
2017-05-16,1490,2017.0,5.0,16.0,Tuesday
2016-11-25,1491,2016.0,11.0,25.0,Friday
2018-09-22,1492,2018.0,9.0,22.0,Saturday
2016-12-29,1493,2016.0,12.0,29.0,Thursday
2018-02-16,1494,2018.0,2.0,16.0,Friday
2019-01-16,1495,2019.0,1.0,16.0,Wednesday
2017-01-28,1496,2017.0,1.0,28.0,Saturday
2015-07-21,1497,2015.0,7.0,21.0,Tuesday
2018-04-20,1498,2018.0,4.0,20.0,Friday
2018-05-07,1499,2018.0,5.0,7.0,Monday
2015-07-14,1500,2015.0,7.0,14.0,Tuesday
2017-05-01,1501,2017.0,5.0,1.0,Monday
2015-06-23,1502,2015.0,6.0,23.0,Tuesday
2017-07-17,1503,2017.0,7.0,17.0,Monday
2016-01-29,1504,2016.0,1.0,29.0,Friday
2015-08-13,1505,2015.0,8.0,13.0,Thursday
2016-04-25,1506,2016.0,4.0,25.0,Monday
2015-11-18,1507,2015.0,11.0,18.0,Wednesday
2016-08-09,1508,2016.0,8.0,9.0,Tuesday
2018-10-30,1509,2018.0,10.0,30.0,Tuesday
2016-04-18,1510,2016.0,4.0,18.0,Monday
2016-11-20,1511,2016.0,11.0,20.0,Sunday
2016-10-29,1512,2016.0,10.0,29.0,Saturday
2016-12-23,1513,2016.0,12.0,23.0,Friday
2017-11-26,1514,2017.0,11.0,26.0,Sunday
2018-06-22,1515,2018.0,6.0,22.0,Friday
2017-03-20,1516,2017.0,3.0,20.0,Monday
2016-02-13,1517,2016.0,2.0,13.0,Saturday
2016-12-14,1518,2016.0,12.0,14.0,Wednesday
2018-05-10,1519,2018.0,5.0,10.0,Thursday
2016-11-19,1520,2016.0,11.0,19.0,Saturday
2015-07-24,1521,2015.0,7.0,24.0,Friday
2018-09-06,1522,2018.0,9.0,6.0,Thursday
2018-02-24,1523,2018.0,2.0,24.0,Saturday
2017-10-10,1524,2017.0,10.0,10.0,Tuesday
2017-06-21,1525,2017.0,6.0,21.0,Wednesday
2017-03-16,1526,2017.0,3.0,16.0,Thursday
2016-12-20,1527,2016.0,12.0,20.0,Tuesday
2015-11-29,1528,2015.0,11.0,29.0,Sunday
2017-04-29,1529,2017.0,4.0,29.0,Saturday
2018-04-04,1530,2018.0,4.0,4.0,Wednesday
2015-07-12,1531,2015.0,7.0,12.0,Sunday
2018-01-30,1532,2018.0,1.0,30.0,Tuesday
2015-10-23,1533,2015.0,10.0,23.0,Friday
2016-02-02,1534,2016.0,2.0,2.0,Tuesday
2017-06-12,1535,2017.0,6.0,12.0,Monday
2018-06-06,1536,2018.0,6.0,6.0,Wednesday
2015-12-18,1537,2015.0,12.0,18.0,Friday
2016-12-03,1538,2016.0,12.0,3.0,Saturday
2017-02-11,1539,2017.0,2.0,11.0,Saturday
2016-01-04,1540,2016.0,1.0,4.0,Monday
2017-04-11,1541,2017.0,4.0,11.0,Tuesday
2015-09-03,1542,2015.0,9.0,3.0,Thursday
2016-07-10,1543,2016.0,7.0,10.0,Sunday
2016-04-27,1544,2016.0,4.0,27.0,Wednesday
2016-07-23,1545,2016.0,7.0,23.0,Saturday
2018-03-06,1546,2018.0,3.0,6.0,Tuesday
2018-06-03,1547,2018.0,6.0,3.0,Sunday
2017-10-02,1548,2017.0,10.0,2.0,Monday
2019-03-21,1549,2019.0,3.0,21.0,Thursday
2016-03-31,1550,2016.0,3.0,31.0,Thursday
2016-10-07,1551,2016.0,10.0,7.0,Friday
2016-04-16,1552,2016.0,4.0,16.0,Saturday
2017-12-24,1553,2017.0,12.0,24.0,Sunday
2016-09-14,1554,2016.0,9.0,14.0,Wednesday
2016-03-12,1555,2016.0,3.0,12.0,Saturday
2018-05-22,1556,2018.0,5.0,22.0,Tuesday
2017-07-11,1557,2017.0,7.0,11.0,Tuesday
2017-01-20,1558,2017.0,1.0,20.0,Friday
2016-07-22,1559,2016.0,7.0,22.0,Friday
2018-03-11,1560,2018.0,3.0,11.0,Sunday
2018-03-01,1561,2018.0,3.0,1.0,Thursday
2017-06-10,1562,2017.0,6.0,10.0,Saturday
2016-06-28,1563,2016.0,6.0,28.0,Tuesday
2018-02-25,1564,2018.0,2.0,25.0,Sunday
2016-07-27,1565,2016.0,7.0,27.0,Wednesday
2018-06-09,1566,2018.0,6.0,9.0,Saturday
2017-07-26,1567,2017.0,7.0,26.0,Wednesday
2017-05-19,1568,2017.0,5.0,19.0,Friday
2016-01-14,1569,2016.0,1.0,14.0,Thursday
2017-04-19,1570,2017.0,4.0,19.0,Wednesday
2019-01-11,1571,2019.0,1.0,11.0,Friday
2015-11-26,1572,2015.0,11.0,26.0,Thursday
2016-03-04,1573,2016.0,3.0,4.0,Friday
2017-02-14,1574,2017.0,2.0,14.0,Tuesday
2017-03-19,1575,2017.0,3.0,19.0,Sunday
2016-06-09,1576,2016.0,6.0,9.0,Thursday
2018-01-11,1577,2018.0,1.0,11.0,Thursday
2015-10-10,1578,2015.0,10.0,10.0,Saturday
2015-12-10,1579,2015.0,12.0,10.0,Thursday
2017-02-24,1580,2017.0,2.0,24.0,Friday
2016-05-05,1581,2016.0,5.0,5.0,Thursday
2018-08-17,1582,2018.0,8.0,17.0,Friday
2016-03-07,1583,2016.0,3.0,7.0,Monday
2018-01-21,1584,2018.0,1.0,21.0,Sunday
2016-03-10,1585,2016.0,3.0,10.0,Thursday
2018-11-22,1586,2018.0,11.0,22.0,Thursday
2017-02-22,1587,2017.0,2.0,22.0,Wednesday
2017-09-27,1588,2017.0,9.0,27.0,Wednesday
2016-03-18,1589,2016.0,3.0,18.0,Friday
2017-07-02,1590,2017.0,7.0,2.0,Sunday
2015-11-22,1591,2015.0,11.0,22.0,Sunday
2018-11-17,1592,2018.0,11.0,17.0,Saturday
2017-01-27,1593,2017.0,1.0,27.0,Friday
2017-03-06,1594,2017.0,3.0,6.0,Monday
2016-01-18,1595,2016.0,1.0,18.0,Monday
2019-02-21,1596,2019.0,2.0,21.0,Thursday
2015-11-08,1597,2015.0,11.0,8.0,Sunday
2017-06-14,1598,2017.0,6.0,14.0,Wednesday
2016-01-13,1599,2016.0,1.0,13.0,Wednesday
2015-11-20,1600,2015.0,11.0,20.0,Friday
2016-11-24,1601,2016.0,11.0,24.0,Thursday
2016-03-01,1602,2016.0,3.0,1.0,Tuesday
2016-01-23,1603,2016.0,1.0,23.0,Saturday
2016-03-06,1604,2016.0,3.0,6.0,Sunday
2019-02-05,1605,2019.0,2.0,5.0,Tuesday
2017-02-16,1606,2017.0,2.0,16.0,Thursday
2018-05-03,1607,2018.0,5.0,3.0,Thursday
2017-04-08,1608,2017.0,4.0,8.0,Saturday
2017-03-12,1609,2017.0,3.0,12.0,Sunday
2017-07-07,1610,2017.0,7.0,7.0,Friday
2016-02-08,1611,2016.0,2.0,8.0,Monday
2015-11-23,1612,2015.0,11.0,23.0,Monday
2017-12-09,1613,2017.0,12.0,9.0,Saturday
2016-11-03,1614,2016.0,11.0,3.0,Thursday
2016-03-17,1615,2016.0,3.0,17.0,Thursday
2018-04-01,1616,2018.0,4.0,1.0,Sunday
2016-01-10,1617,2016.0,1.0,10.0,Sunday
2017-05-02,1618,2017.0,5.0,2.0,Tuesday
2017-10-13,1619,2017.0,10.0,13.0,Friday
2017-02-26,1620,2017.0,2.0,26.0,Sunday
2017-07-20,1621,2017.0,7.0,20.0,Thursday
2018-04-26,1622,2018.0,4.0,26.0,Thursday
2017-07-18,1623,2017.0,7.0,18.0,Tuesday
2016-02-03,1624,2016.0,2.0,3.0,Wednesday
2019-03-07,1625,2019.0,3.0,7.0,Thursday
2017-03-07,1626,2017.0,3.0,7.0,Tuesday
2016-03-05,1627,2016.0,3.0,5.0,Saturday
2017-04-04,1628,2017.0,4.0,4.0,Tuesday
2017-07-08,1629,2017.0,7.0,8.0,Saturday
2016-01-26,1630,2016.0,1.0,26.0,Tuesday
2015-12-26,1631,2015.0,12.0,26.0,Saturday
2017-04-24,1632,2017.0,4.0,24.0,Monday
2017-10-07,1633,2017.0,10.0,7.0,Saturday
2017-05-14,1634,2017.0,5.0,14.0,Sunday
2017-01-22,1635,2017.0,1.0,22.0,Sunday
2017-09-09,1636,2017.0,9.0,9.0,Saturday
2015-12-15,1637,2015.0,12.0,15.0,Tuesday
2015-12-24,1638,2015.0,12.0,24.0,Thursday
2018-04-03,1639,2018.0,4.0,3.0,Tuesday
2016-01-19,1640,2016.0,1.0,19.0,Tuesday
2017-05-05,1641,2017.0,5.0,5.0,Friday
2017-06-05,1642,2017.0,6.0,5.0,Monday
2018-04-28,1643,2018.0,4.0,28.0,Saturday
2016-06-25,1644,2016.0,6.0,25.0,Saturday
2016-02-19,1645,2016.0,2.0,19.0,Friday
2018-06-07,1646,2018.0,6.0,7.0,Thursday
2017-11-17,1647,2017.0,11.0,17.0,Friday
2018-01-16,1648,2018.0,1.0,16.0,Tuesday
2017-11-05,1649,2017.0,11.0,5.0,Sunday
2016-05-20,1650,2016.0,5.0,20.0,Friday
2017-12-16,1651,2017.0,12.0,16.0,Saturday
2017-07-10,1652,2017.0,7.0,10.0,Monday
2016-03-11,1653,2016.0,3.0,11.0,Friday
2016-11-09,1654,2016.0,11.0,9.0,Wednesday
2017-04-03,1655,2017.0,4.0,3.0,Monday
2016-11-04,1656,2016.0,11.0,4.0,Friday
2017-07-05,1657,2017.0,7.0,5.0,Wednesday
2018-03-12,1658,2018.0,3.0,12.0,Monday
2016-01-24,1659,2016.0,1.0,24.0,Sunday
2017-12-05,1660,2017.0,12.0,5.0,Tuesday
2018-02-04,1661,2018.0,2.0,4.0,Sunday
2017-03-11,1662,2017.0,3.0,11.0,Saturday
2016-03-03,1663,2016.0,3.0,3.0,Thursday
2017-02-05,1664,2017.0,2.0,5.0,Sunday
2017-11-01,1665,2017.0,11.0,1.0,Wednesday
2018-09-20,1666,2018.0,9.0,20.0,Thursday
2017-07-13,1667,2017.0,7.0,13.0,Thursday
2019-02-17,1668,2019.0,2.0,17.0,Sunday
2018-04-17,1669,2018.0,4.0,17.0,Tuesday
2017-04-09,1670,2017.0,4.0,9.0,Sunday
2016-02-26,1671,2016.0,2.0,26.0,Friday
2017-02-12,1672,2017.0,2.0,12.0,Sunday
2017-10-19,1673,2017.0,10.0,19.0,Thursday
2016-08-12,1674,2016.0,8.0,12.0,Friday
2017-11-10,1675,2017.0,11.0,10.0,Friday
2017-11-28,1676,2017.0,11.0,28.0,Tuesday
2018-03-05,1677,2018.0,3.0,5.0,Monday
2016-03-21,1678,2016.0,3.0,21.0,Monday
2017-12-13,1679,2017.0,12.0,13.0,Wednesday
2016-12-17,1680,2016.0,12.0,17.0,Saturday
2016-04-06,1681,2016.0,4.0,6.0,Wednesday
2016-06-16,1682,2016.0,6.0,16.0,Thursday
2017-01-13,1683,2017.0,1.0,13.0,Friday
2018-03-22,1684,2018.0,3.0,22.0,Thursday
2016-12-09,1685,2016.0,12.0,9.0,Friday
2017-10-04,1686,2017.0,10.0,4.0,Wednesday
2017-10-11,1687,2017.0,10.0,11.0,Wednesday
2016-12-02,1688,2016.0,12.0,2.0,Friday
2017-03-30,1689,2017.0,3.0,30.0,Thursday
2017-02-08,1690,2017.0,2.0,8.0,Wednesday
2018-01-17,1691,2018.0,1.0,17.0,Wednesday
2017-04-25,1692,2017.0,4.0,25.0,Tuesday
2017-03-24,1693,2017.0,3.0,24.0,Friday
2017-06-07,1694,2017.0,6.0,7.0,Wednesday
2016-11-12,1695,2016.0,11.0,12.0,Saturday
2018-01-10,1696,2018.0,1.0,10.0,Wednesday
2018-05-09,1697,2018.0,5.0,9.0,Wednesday
2017-02-13,1698,2017.0,2.0,13.0,Monday
2017-12-19,1699,2017.0,12.0,19.0,Tuesday
2018-02-03,1700,2018.0,2.0,3.0,Saturday
2016-12-18,1701,2016.0,12.0,18.0,Sunday
2017-11-15,1702,2017.0,11.0,15.0,Wednesday
2018-03-18,1703,2018.0,3.0,18.0,Sunday
2018-02-02,1704,2018.0,2.0,2.0,Friday
2018-02-23,1705,2018.0,2.0,23.0,Friday
2018-06-13,1706,2018.0,6.0,13.0,Wednesday
2017-01-24,1707,2017.0,1.0,24.0,Tuesday
2018-03-25,1708,2018.0,3.0,25.0,Sunday
2017-09-01,1709,2017.0,9.0,1.0,Friday
2017-02-18,1710,2017.0,2.0,18.0,Saturday
2018-03-09,1711,2018.0,3.0,9.0,Friday
2017-10-21,1712,2017.0,10.0,21.0,Saturday
2017-08-06,1713,2017.0,8.0,6.0,Sunday
2016-11-02,1714,2016.0,11.0,2.0,Wednesday
2018-02-15,1715,2018.0,2.0,15.0,Thursday
2017-03-22,1716,2017.0,3.0,22.0,Wednesday
2017-03-21,1717,2017.0,3.0,21.0,Tuesday
2018-03-26,1718,2018.0,3.0,26.0,Monday
2017-11-27,1719,2017.0,11.0,27.0,Monday
2017-01-30,1720,2017.0,1.0,30.0,Monday
2017-09-13,1721,2017.0,9.0,13.0,Wednesday
2018-01-19,1722,2018.0,1.0,19.0,Friday
2018-01-09,1723,2018.0,1.0,9.0,Tuesday
2018-03-13,1724,2018.0,3.0,13.0,Tuesday
2018-02-06,1725,2018.0,2.0,6.0,Tuesday
2016-12-07,1726,2016.0,12.0,7.0,Wednesday
2019-02-27,1727,2019.0,2.0,27.0,Wednesday
2017-02-25,1728,2017.0,2.0,25.0,Saturday
2018-01-24,1729,2018.0,1.0,24.0,Wednesday
2017-09-12,1730,2017.0,9.0,12.0,Tuesday
2017-01-12,1731,2017.0,1.0,12.0,Thursday
2019-02-13,1732,2019.0,2.0,13.0,Wednesday
2017-03-27,1733,2017.0,3.0,27.0,Monday
2017-11-08,1734,2017.0,11.0,8.0,Wednesday
2017-02-23,1735,2017.0,2.0,23.0,Thursday
2017-03-03,1736,2017.0,3.0,3.0,Friday
2017-01-18,1737,2017.0,1.0,18.0,Wednesday
2017-08-23,1738,2017.0,8.0,23.0,Wednesday
2018-03-21,1739,2018.0,3.0,21.0,Wednesday
2017-11-07,1740,2017.0,11.0,7.0,Tuesday
2017-04-02,1741,2017.0,4.0,2.0,Sunday
2017-03-15,1742,2017.0,3.0,15.0,Wednesday
2018-02-20,1743,2018.0,2.0,20.0,Tuesday
2017-02-09,1744,2017.0,2.0,9.0,Thursday
2017-03-14,1745,2017.0,3.0,14.0,Tuesday
2018-04-09,1746,2018.0,4.0,9.0,Monday
2017-04-21,1747,2017.0,4.0,21.0,Friday
2018-03-17,1748,2018.0,3.0,17.0,Saturday
2018-04-06,1749,2018.0,4.0,6.0,Friday
2019-02-06,1750,2019.0,2.0,6.0,Wednesday
2018-02-21,1751,2018.0,2.0,21.0,Wednesday
2017-11-29,1752,2017.0,11.0,29.0,Wednesday
2017-11-09,1753,2017.0,11.0,9.0,Thursday
2018-02-07,1754,2018.0,2.0,7.0,Wednesday
2017-11-03,1755,2017.0,11.0,3.0,Friday
2018-01-28,1756,2018.0,1.0,28.0,Sunday
2017-10-26,1757,2017.0,10.0,26.0,Thursday
2018-01-22,1758,2018.0,1.0,22.0,Monday
2017-11-16,1759,2017.0,11.0,16.0,Thursday
2018-02-13,1760,2018.0,2.0,13.0,Tuesday
2018-02-05,1761,2018.0,2.0,5.0,Monday
2018-02-09,1762,2018.0,2.0,9.0,Friday
2017-12-23,1763,2017.0,12.0,23.0,Saturday
2018-01-29,1764,2018.0,1.0,29.0,Monday
2018-03-29,1765,2018.0,3.0,29.0,Thursday
